Expressions,Ho,Kharia,Khasi,Pnar,Santali,Mundari,,,,,,,,,,,,,,,,,,,,,,,,,,,,,,,,,,
,,,,,,,,,,,,,,,,,,,,,,,,,,,,,,,,,,,,,,,,
Cardinals (Values),,,,,,,,,,,,,,,,,,,,,,,,,,,,,,,,,,,,,,,,
One,mijəɖ,mõj,ʋeɪ/sɪ,ʋɪ,mit',mijəd,,,,,,,,,,,,,,,,,,,,,,,,,,,,,,,,,,
Two,bərijə,ubər,ɑ:r,ɑ:r,bɑ:r,bərɪjɑ,,,,,,,,,,,,,,,,,,,,,,,,,,,,,,,,,,
Three,əpijə,ʊ'fe,lɑe,le,pɛ,əpɪjɑ,,,,,,,,,,,,,,,,,,,,,,,,,,,,,,,,,,
Four,upnijə,i'ifon,sɑo,so,pon,upunɑ,,,,,,,,,,,,,,,,,,,,,,,,,,,,,,,,,,
Five,moijə,moloj,sən,sən,mɔ̃ɽɛ̃,moɽejɑ,,,,,,,,,,,,,,,,,,,,,,,,,,,,,,,,,,
Six,turuijə,tibru,hɪnrijʊ,ynru,turui,turɪjɑ,,,,,,,,,,,,,,,,,,,,,,,,,,,,,,,,,,
Seven,əijə,tʰɑm,hɪnj̃o,njəʊ,eɑe,ejɑ,,,,,,,,,,,,,,,,,,,,,,,,,,,,,,,,,,
Eight,irlijə,tʰom,pʰrɑ:,pʰrɑ,irəl,ɪrəlɪjɑ,,,,,,,,,,,,,,,,,,,,,,,,,,,,,,,,,,
Nine,ərejə,tʰomsĩɽ,kʰɪndɑ:ɪ,kʰɪnɖe,ɑrɛ,ərejɑ,,,,,,,,,,,,,,,,,,,,,,,,,,,,,,,,,,
Ten,ɡeljə,ɡʰol,sɪpʰəʊ,cɪpʰɑʊ,ɡɛl,ɡelejɑ,,,,,,,,,,,,,,,,,,,,,,,,,,,,,,,,,,
,,,,,,,,,,,,,,,,,,,,,,,,,,,,,,,,,,,,,,,,
Cardinals (Examples),,,,,,,,,,,,,,,,,,,,,,,,,,,,,,,,,,,,,,,,
One boy.,mijəd kuɑhon,muɽu beʈɑ/konber,u: ʋəɪ u: ʃʰɪnrɑ:ŋɡ,ʊ ʋɪ kʰənnɑ,miʈʈen kuɖɑ,mɪjəd̪ koɽɑ,,,,,,,,,,,,,,,,,,,,,,,,,,,,,,,,,,
Two boys.,bərijə kuɑhon kiŋ,borijɑ konber,ɑ:r ŋut̪ kɪ  ʃʰɪnrɑ:ŋɡ,kɪ ɑ:r ŋut̪ kɪkʰənnɑ,bɑrijɑ kuɖɑ,bərɪjɑ koɽɑ,,,,,,,,,,,,,,,,,,,,,,,,,,,,,,,,,,
One sheep.,mijəd minɖi,mõj bʰeɽɑ,kɑ ʋeɪ kɑ bləŋɡ,kə ʋɪ kə lɑɡbroʈ,miʈʈen bʰiɖi,mɪjəd̪ mɪnɖɪ,,,,,,,,,,,,,,,,,,,,,,,,,,,,,,,,,,
Five sheep.,moje minɖi ko,moloj bʰeɽɑ,sən t̪ɪllɪ kɪ bləŋɡ,šən kɪ lɑɡbroʈ,mɔ̃ɽɛ̃ bʰiɖɪ,moɽejɑ mɪnɖɪ,,,,,,,,,,,,,,,,,,,,,,,,,,,,,,,,,,
One girl.,mijəd kuihon,muɽu beʈi/konsel,kɑ ʋeɪ kɑ kənt̪ʰəɪ,kəʋɪ kəkʰənnɑ,miʈʈen kuɖɪ,mɪjəd̪ kuɖɪ,,,,,,,,,,,,,,,,,,,,,,,,,,,,,,,,,,
Two girls.,bərijə kuihon kiŋ,bərijɑ beʈi/konsel,ɑ:r mut̪ kɪ kənt̪ʰəɪ,ɑ:r mut̪ kɪ kʰənnɑ,bɑrijɑ kuɖɪ,bərɪjɑ kuɖɪ,,,,,,,,,,,,,,,,,,,,,,,,,,,,,,,,,,
Three girls.,əpijə kuihon ko,ʊ'fe beʈiki/ konselki,lɑe  mut̪ kɪ kənt̪ʰəɪ,le mut̪ kɪ kʰənnɑ,pɛjɑ kuɖɪ,əpɪjɑ kuɖɪ,,,,,,,,,,,,,,,,,,,,,,,,,,,,,,,,,,
Eight trees,irəlije dɑru ko,tʰom dɑru,pʰrɑ t̪ɪllɪ kɪɖəŋɡ,pʰrɑ t̪ɪllɪ kɪɖen,irəl ɡoʈeč  d̪ɑrɪ,ɪrəlɪjɑ d̪ɑru,,,,,,,,,,,,,,,,,,,,,,,,,,,,,,,,,,
One tree.,mijəd dɑru,mõj dɑru,-,ʋɪ uɖen,miʈʈen d̪ɑrɪ,mɪjəd̪ d̪ɑru,,,,,,,,,,,,,,,,,,,,,,,,,,,,,,,,,,
I have one brother,ɑjɑ mijəd bɑre minɑje,ij̃ muɽu kuləm əij'ə̃,ŋɡɑ ɖən u: hɪmmen ʃʰɪnrəŋɡ,njɑ em ɑ ʋɪ upəʊ,iŋrən miʈʈen buihakuɖɑ/ d̪əd̪ɑ mɪnɑɪ t̪ejɑ,ĩjəh mɪjəd̪ həɡɑ menɑɪjɑ,,,,,,,,,,,,,,,,,,,,,,,,,,,,,,,,,,
I have two brothers,ɑjɑ bərije bɑre-kiŋ minɑ kiŋe,ij̃ borijɑ kuləmkijər ɑji'ə̃kijər,ŋɡɑ ɖeɪ ɑ:r mut̪ ʃɪ pɑrɑ,njɑ em ɑ ɑ:r mut̪ kɪpəʊ,iŋrən bɑrijɑ buihakuɖɑ/d̪əd̪ɑ mɪnɑɪ kɪn t̪ejɑ,ĩjəh bərɪjɑ̪ həɡɑ menɑkɪnɑ,,,,,,,,,,,,,,,,,,,,,,,,,,,,,,,,,,
I have one sister,ɑjɑ mijəd miši minɑie,ij̃ muɽu kuləmɽəj ɑij'ə̃,ŋɡɑ ɖen ɪ: ʋəɪ ɪ: pɑrɑ kəntʰəɪ,njɑ em ɑ kəʋɪ kəpəʊ,iŋrən miʈʈen buihakuɖɪ/d̪id̪i mɪnɑɪ t̪ejɑ,ĩjəh mɪjəd̪ mišɪ menɑɪjɑ,,,,,,,,,,,,,,,,,,,,,,,,,,,,,,,,,,
I have two sisters,ɑjɑ bərije mišikui kim inɑ kiŋe,ij̃ borijɑ kuləmɽəjijər ɑji'ə̃kijər,ŋɡɑ ɖen ɪ: ɑ:r mut̪ ɪ: pɑrɑ kəntʰəɪ,njɑ em ɑ kəɑ:r mut̪ kɪpəʊ,iŋrənbɑrejɑ buihakuɖɪ /d̪id̪i mɪnɑɪ kɪn t̪ejɑ,ĩjəh bərɪjɑ̪ mišijɑ menɑkɪnɑ,,,,,,,,,,,,,,,,,,,,,,,,,,,,,,,,,,
I have three sisters.,ɑjɑ upnije mišikui ki minɑ kuɑ,ij̃ ʊ'fe kuləmɽəjki ɑji'ə̃ki,ŋɡɑ ɖen ɪ: lɑe mut̪ ɪ: pɑrɑ kəntʰəɪ,njɑ em ɑ kə le mut̪ kɪpəʊ,iŋrən pɛjɑ buihakuɖɪ/d̪id̪i mɪnɑɪ kɪn t̪ejɑ,ĩjəh əpɪjɑ mišijɑ menɑkɪnɑh,,,,,,,,,,,,,,,,,,,,,,,,,,,,,,,,,,
I have one almirah.,əntɑre mijəd əlmirə minɑ,ij̃ muɽu əmlɑri ɑij'ə̃,ŋɡɑ ɖen kɑ: ʋəɪ kɑd̪ulɪ,njɑ em ɑ kəʋɪ kɑ əlmɪrɑ,ij̃ miʈʈen əlmɪrɑ mɪnɑɪ t̪ɪj̃ə,əɪ̃ t̪əɑhre mɪjəd̪ əlmɪrɑ menɑh,,,,,,,,,,,,,,,,,,,,,,,,,,,,,,,,,,
I have two almirahs.,əntɑre bərijə əlmirə minɑ,ij̃ borijɑ əlmɑri ɑij'ẽ,ŋɡɑ ɖen kɑ: ɑ:r t̪ɪllɪ kɑd̪ulɪ,njɑ em ɑ kəɑ:r t̪ɪllɪ kɪ əlmɪrɑ,ij̃ bɑrɪjɑ əlmɪrɑ mɪnɑɪ t̪ɪj̃ə,əɪ̃ t̪əɑhre bərɪja əlmɪrɑ menɑh,,,,,,,,,,,,,,,,,,,,,,,,,,,,,,,,,,
I have one bag,əntɑre mijəd buɡli minɑ,ij̃ muɽu bɛɡ/ǰʰolɑ ɑij'ə̃,ŋɡɑ ɖen kɑ: ʋəɪ kɑplɑ/pɖok,njɑ em kəʋɪ kəmunɑ,ij̃ miʈʈen ǰʰolɑ mɪnɑɪ t̪ɪj̃ə,əɪ̃ t̪əɑhre mɪjəd̪ t̪ʰəɪlɑh menɑh,,,,,,,,,,,,,,,,,,,,,,,,,,,,,,,,,,
I have three bags,əntɑre əpiijə buɡli minɑ,ij̃ ʊ'fe ǰʰolɑ ɑij'ə̃,ŋɡɑ ɖen kɑ: lɑ:e t̪ɪllɪ kɑplɑ/pɖok,njɑ em kəle t̪ɪllɪ kɪmunɑ,ij̃ pɛjɑ ǰʰolɑ mɪnɑɪ t̪ɪj̃ə,əɪ̃ t̪əɑhre əpɪjɑ t̪ʰəɪlɑh menɑh,,,,,,,,,,,,,,,,,,,,,,,,,,,,,,,,,,
I have four bags,əntɑre upnijə buɡli minə,ij̃ I'ifon ǰʰolɑ ɑij'ə̃,ŋɡɑ ɖen kɑ: šɑ t̪ɪllɪ kɑplɑ/pɖok,njɑ em kəšo t̪ɪllɪ kɪmunɑ,ij̃ ponejɑ  ǰʰolɑ mɪnɑɪ t̪ɪj̃ə,əɪ̃ t̪əɑhreupunɪjɑ t̪ʰəɪlɑh menɑh,,,,,,,,,,,,,,,,,,,,,,,,,,,,,,,,,,
,,,,,,,,,,,,,,,,,,,,,,,,,,,,,,,,,,,,,,,,
Ordinals (Values),,,,,,,,,,,,,,,,,,,,,,,,,,,,,,,,,,,,,,,,
First,ɑerɑ,mese'ǰ,nɪŋkoŋ/ bɑnɪŋkoŋ,nɪŋkon,pəhɪl,sidɑ,,,,,,,,,,,,,,,,,,,,,,,,,,,,,,,,,,
Second,dusər,bərse'ǰ,bɑ:ɑ:r,ʋəɑ:r,d̪osər,eʈɑ?,,,,,,,,,,,,,,,,,,,,,,,,,,,,,,,,,,
Third,-,ʊ'feǰ,bɑ:lɑe,ʋəle,t̪esər,-,,,,,,,,,,,,,,,,,,,,,,,,,,,,,,,,,,
Fourth,-,i'ifeǰ,bɑ:šɑo,ʋəšo,ponɑk,-,,,,,,,,,,,,,,,,,,,,,,,,,,,,,,,,,,
Fifth,-,mele'ǰ,bɑ:šən,ʋəšən,mɔ̃ɽɛ̃ɑk,-,,,,,,,,,,,,,,,,,,,,,,,,,,,,,,,,,,
Sixth,-,tibe'ǰ,bɑ:hɪnrijʊ,ʋəynru,t̪uruiɑk,-,,,,,,,,,,,,,,,,,,,,,,,,,,,,,,,,,,
Seventh,-,tʰɑme'ǰ,bɑ:hɪnj̃o,ʋənjəʊ,eɑeɑk,-,,,,,,,,,,,,,,,,,,,,,,,,,,,,,,,,,,
Eighth,-,tʰome'ǰ,bɑ:pʰrɑ:,ʋəpʰrɑ,irəlɑk,-,,,,,,,,,,,,,,,,,,,,,,,,,,,,,,,,,,
Nineth,-,tʰomsĩɽeǰ,bɑ:kʰɪnd̪ɑ:ɪ,ʋəkʰɪnɖe,ɑrɛɑk,-,,,,,,,,,,,,,,,,,,,,,,,,,,,,,,,,,,
Tenth,-,ɡʰo'ǰ,bɑ:šɪpʰəʊ,ʋəčɪpʰɑʊ,(mit') ɡɛlɑk,-,,,,,,,,,,,,,,,,,,,,,,,,,,,,,,,,,,
Eleventh,-,ɡʰo'ǰ mese'ǰ,bɑ:kʰɑʈʋe,ʋəkʰəʈʋɪ,(mit') ɡɛl mit'ɑk,-,,,,,,,,,,,,,,,,,,,,,,,,,,,,,,,,,,
Twelvth,-,ɡʰo'ǰ bərse'ǰ,bɑ:kʰɑʈɑ:r,ʋəkʰəʈɑ:r,(mit') ɡɛl bɑrɑk,-,,,,,,,,,,,,,,,,,,,,,,,,,,,,,,,,,,
Thirteenth,-,ɡʰo'ǰ ʊ'feǰ,bɑ:kʰɑʈlɑe,ʋəkʰəʈle,(mit') ɡɛl pɛɑk,-,,,,,,,,,,,,,,,,,,,,,,,,,,,,,,,,,,
Fourteenth,-,ɡʰo'ǰ i'ifeǰ,bɑ:kʰɑʈšɑo,ʋəkʰəʈšo,(mit') ɡɛl ponɑk,-,,,,,,,,,,,,,,,,,,,,,,,,,,,,,,,,,,
Fifteenth,-,ɡʰo'ǰ mele'ǰ,bɑ:kʰɑʈšən,ʋəkʰəʈšən,(mit') ɡɛl mɔ̃ɽɛ̃ɑk,-,,,,,,,,,,,,,,,,,,,,,,,,,,,,,,,,,,
Sixteenth,-,ɡʰo'ǰ tibe'ǰ,bɑ:kʰɑʈhɪnrijʊ,ʋəkʰəʈynru,(mit') ɡɛl t̪uruiɑk,-,,,,,,,,,,,,,,,,,,,,,,,,,,,,,,,,,,
Seventeenth,-,ɡʰo'ǰ tʰɑme'ǰ,bɑ:kʰɑʈhɪnj̃o,ʋəkʰəʈnjəʊ,(mit') ɡɛl eɑeɑk,-,,,,,,,,,,,,,,,,,,,,,,,,,,,,,,,,,,
Eighteenth,-,ɡʰo'ǰ tʰome'ǰ,bɑ:kʰɑʈpʰrɑ:,ʋəkʰəʈpʰrɑ,(mit') ɡɛl irəlɑk,-,,,,,,,,,,,,,,,,,,,,,,,,,,,,,,,,,,
Nineteenth,-,ɡʰoǰ tʰomsĩɽeǰ,bɑ:kʰɑʈkʰɪnd̪ɑ:ɪ,ʋəkʰəʈkʰɪnɖe,(mit') ɡɛl ɑrɛɑk,-,,,,,,,,,,,,,,,,,,,,,,,,,,,,,,,,,,
Twentyth,-,ekɽi'ǰ,bɑ:ɑ:rpʰəʊ,ʋəɑ:rpʰɑʊ,bɑ:r ɡɛlɑk,-,,,,,,,,,,,,,,,,,,,,,,,,,,,,,,,,,,
Twenty first,-,ekɽi'ǰ mese'ǰ,bɑ:ɑ:rpʰəʊʋe,ʋəɑ:rpʰɑʊ ʋɪ,bɑ:r ɡɛl mit̪ɑk,-,,,,,,,,,,,,,,,,,,,,,,,,,,,,,,,,,,
Twenty second,-,ekɽi'ǰ bərse'ǰ,bɑ:ɑ:rpʰəʊɑ:r,ʋəɑ:rpʰɑʊ ɑ:r,bɑ:r ɡɛl bɑrɑk,-,,,,,,,,,,,,,,,,,,,,,,,,,,,,,,,,,,
,,,,,,,,,,,,,,,,,,,,,,,,,,,,,,,,,,,,,,,,
Ordinals (Examples),,,,,,,,,,,,,,,,,,,,,,,,,,,,,,,,,,,,,,,,
First man.,ɑerɑ ho,soub təj seɽ lebu,u: brəjo u: bɑ: nɪŋɡkoŋ,ubru nɪŋkon,-,-,,,,,,,,,,,,,,,,,,,,,,,,,,,,,,,,,,
Second man.,dusər ho,hoɽom lebu,u: brəjo u:  bɑɑ:r,ubru ʋəɑ:r,-,-,,,,,,,,,,,,,,,,,,,,,,,,,,,,,,,,,,
Third man.,-,ʊ'fekəɽ lebu,u: brəjo u: bɑ:lɑe,ubru ʋəle,-,-,,,,,,,,,,,,,,,,,,,,,,,,,,,,,,,,,,
Forth man.,-,i'ifonkəɽ lebu,u: brəjo u: bɑ:šɑo,ubru ʋəšo,-,-,,,,,,,,,,,,,,,,,,,,,,,,,,,,,,,,,,
Fifth man.,-,molojkəɽ lebu,u: brəjo u: bɑ: bɑ:šən,ubru ʋəšən,-,-,,,,,,,,,,,,,,,,,,,,,,,,,,,,,,,,,,
First woman,ɑerɑ erɑ,soub təj seɽ konsel,kɑ brejo kɑ bɑ: nɪŋɡkoŋ,kəbru nɪŋkon,-,-,,,,,,,,,,,,,,,,,,,,,,,,,,,,,,,,,,
Second woman,dusər erɑ,hoɽom konsel,kɑ brejo kɑ bɑ: bɑɑ:r,kəbru ʋəɑ:r,-,-,,,,,,,,,,,,,,,,,,,,,,,,,,,,,,,,,,
Third woman,-,ʊ'fekəɽ konsel,kɑ brejo kɑ bɑ: bɑ:lɑe,kəbru ʋəle,-,-,,,,,,,,,,,,,,,,,,,,,,,,,,,,,,,,,,
Forth woman,-,i'ifonkəɽ konsel,kɑ brejo kɑ bɑ: bɑ:šɑo,kəbru ʋəšo,,-,,,,,,,,,,,,,,,,,,,,,,,,,,,,,,,,,,
Fifth woman,-,molojkəɽ konsel,kɑ brejo kɑ bɑ: bɑ:šən,kəbru ʋəšən,-,-,,,,,,,,,,,,,,,,,,,,,,,,,,,,,,,,,,
Sixth woman,-,tibrukəɽ konsel,kɑ brejo kɑ bɑ:hɪnrɪju,kəbru ʋəynru,-,-,,,,,,,,,,,,,,,,,,,,,,,,,,,,,,,,,,
Seventh boy,-,tʰɑmkəɽ konsel,u: kʰənnɑ u: bɑ: hɪnj̃o,ukʰənnɑ ʋənjəʊ,-,-,,,,,,,,,,,,,,,,,,,,,,,,,,,,,,,,,,
Eighth girl.,-,tʰomkəɽ konsel,kɑ: kənt̪ʰəɪ bɑ: pʰrɑ,kəkʰənnɑ ʋəpʰrɑ,-,-,,,,,,,,,,,,,,,,,,,,,,,,,,,,,,,,,,
,,,,,,,,,,,,,,,,,,,,,,,,,,,,,,,,,,,,,,,,
Fractions (Values),,,,,,,,,,,,,,,,,,,,,,,,,,,,,,,,,,,,,,,,
1/2,kičɑ/ɑdʰɑ,ə'dʰo,šɪt̪eŋɡ,čʰɪt̪en,ɑd̪ʰɑ,tɑlɑ/ət̪rɑ,,,,,,,,,,,,,,,,,,,,,,,,,,,,,,,,,,
2/3,-,ubər ʊ'fe kʰəndʰɑ,-,-,-,-,,,,,,,,,,,,,,,,,,,,,,,,,,,,,,,,,,
3/4,-,ɑdʰɑ təj ǰuɡʰəj kʰəndʰɑ,lɑɪ pəʋɑ,-,-,-,,,,,,,,,,,,,,,,,,,,,,,,,,,,,,,,,,
1/4,upun kičɑ,i'ifon kʰəndʰɑ,šɪ pəʋɑ/ kɑbɑ šɑo byntɑ,čʰɪpəʋɑ,-,pɑwɑ,,,,,,,,,,,,,,,,,,,,,,,,,,,,,,,,,,
1/5,moi kičɑ,moloj kʰəndʰɑ,-,-,-,-,,,,,,,,,,,,,,,,,,,,,,,,,,,,,,,,,,
2/7,-,-,-,-,-,-,,,,,,,,,,,,,,,,,,,,,,,,,,,,,,,,,,
3/7,-,-,-,-,-,-,,,,,,,,,,,,,,,,,,,,,,,,,,,,,,,,,,
3/5,-,-,-,-,-,-,,,,,,,,,,,,,,,,,,,,,,,,,,,,,,,,,,
2/6,-,-,-,-,-,-,,,,,,,,,,,,,,,,,,,,,,,,,,,,,,,,,,
1/16,-,-,-,-,-,-,,,,,,,,,,,,,,,,,,,,,,,,,,,,,,,,,,
1/10,-,ɡʰol kʰəndʰɑ,kɑbɑ šipʰəu byntɑ,-,-,ɡelɑk hɑʈĩn,,,,,,,,,,,,,,,,,,,,,,,,,,,,,,,,,,
,,,,,,,,,,,,,,,,,,,,,,,,,,,,,,,,,,,,,,,,
Fractions (Examples),,,,,,,,,,,,,,,,,,,,,,,,,,,,,,,,,,,,,,,,
I ate 1/2 of the Pizza.,mit' kičɑ/ɑdʰɑ pizzɑ ǰom kəɖɑ,ij̃ ə'dʰo pizzɑ okʰo'jə̃,-,-,-,əĩŋɡ t̪ɑlɑ/ ət̪rɑ pɪǰǰɑ ǰom ked̪ei,,,,,,,,,,,,,,,,,,,,,,,,,,,,,,,,,,
I ate 2/3 of the Pizza.,-,ij̃ ͏ubər ʊ'fe kʰəndʰɑ pizzɑ okʰo'jə̃,-,-,-,-,,,,,,,,,,,,,,,,,,,,,,,,,,,,,,,,,,
I read 3/4 of the book.,-,ij̃ potʰij' ɑdʰɑ təj ǰuɡʰəj kʰəndʰɑ poɖʰesiɖʰiɑ̃,-,-,-,-,,,,,,,,,,,,,,,,,,,,,,,,,,,,,,,,,,
I read 1/4 of the book.,-,ij̃ potʰij'  i'ifon kʰəndʰɑ poɖʰesiɖʰiɑ̃,-,-,-,-,,,,,,,,,,,,,,,,,,,,,,,,,,,,,,,,,,
I ate 1/5 of the Pizza.,-,ij̃ potʰij' moloj kʰəndʰɑ poɖʰesiɖʰiɑ̃,-,-,-,-,,,,,,,,,,,,,,,,,,,,,,,,,,,,,,,,,,
I read 2/7 of the book.,-,-,-,-,-,-,,,,,,,,,,,,,,,,,,,,,,,,,,,,,,,,,,
I read 3/7 of the book.,-,-,-,-,-,-,,,,,,,,,,,,,,,,,,,,,,,,,,,,,,,,,,
I read 3/5 of the book.,-,-,-,-,-,-,,,,,,,,,,,,,,,,,,,,,,,,,,,,,,,,,,
I  ate 2/6 of the Pizza.,-,-,-,-,-,-,,,,,,,,,,,,,,,,,,,,,,,,,,,,,,,,,,
I ate 1/16 of thr pizza.,-,-,-,-,-,-,,,,,,,,,,,,,,,,,,,,,,,,,,,,,,,,,,
I read 1/10 part of the book.,-,ij̃ potʰij' ɡʰol kʰəndʰɑ poɖʰesiɖʰiɑ̃,-,-,-,-,,,,,,,,,,,,,,,,,,,,,,,,,,,,,,,,,,
,,,,,,,,,,,,,,,,,,,,,,,,,,,,,,,,,,,,,,,,
Multiplicatives (Values),,,,,,,,,,,,,,,,,,,,,,,,,,,,,,,,,,,,,,,,
Once,mišəɡən,meson,šɪ-ʃen,čʰɪšen,mit' d̪omin',mišɑ,,,,,,,,,,,,,,,,,,,,,,,,,,,,,,,,,,
Twice,bərdunən,bərson,ɑ:r-ʃen,ləɑ:ršen,bɑr d̪omin,bərsɑ,,,,,,,,,,,,,,,,,,,,,,,,,,,,,,,,,,
Thrice,əpedunən,ʊ'feson,lɑe-ʃen,ləlešen,pɛ d̪omin,əpišɑ,,,,,,,,,,,,,,,,,,,,,,,,,,,,,,,,,,
Forth time,upundunən,i'ifonson,šɑo-ʃen,ləsošen,pon d̪omin,upunšɑ,,,,,,,,,,,,,,,,,,,,,,,,,,,,,,,,,,
Nine times,əredunən,tʰomsĩɽ dʰor,kʰənd̪ɑ:-ʃen,kʰənɖešen,ɑrɛ d̪omin,ərešɑ,,,,,,,,,,,,,,,,,,,,,,,,,,,,,,,,,,
Twenty five times,hiši mojdunən,ekɽi moloj  dʰor,ɑ:rpʰɑʋsən-ʃen,ɑ:rpʰɑʊšənšen,bɑ:r ɡɛl mɔ̃ɽɛ̃  d̪omin,hiši moɽešɑ,,,,,,,,,,,,,,,,,,,,,,,,,,,,,,,,,,
Fifteen times,ɡelmojdunən,ɡʰol moloj dʰor,kʰəʈsən-ʃen,kʰəʈšənšen,ɡɛl mɔ̃ɽɛ̃  d̪omin,ɡel moɽešɑ,,,,,,,,,,,,,,,,,,,,,,,,,,,,,,,,,,
,,,,,,,,,,,,,,,,,,,,,,,,,,,,,,,,,,,,,,,,
Multipliatives (Examples),,,,,,,,,,,,,,,,,,,,,,,,,,,,,,,,,,,,,,,,
I met him once.,ən əil o mišəɡən miləʋə kənə,ij̃ hokər buɽ meson bʰe'̃ʈosi'ɖiə̃,ŋɑ: lɑ kɪnd̪o jɑ ʋ: šɪ-ʃen,njɑ ǰo yečʰem ʋə o čʰɪšen,mit' d̪omin' nɑpɑm ɑkɑd̪eɑ,əĩ inih lo mišɑ nəpəm kə̃nəɪ,,,,,,,,,,,,,,,,,,,,,,,,,,,,,,,,,,
I met him twice.,ən əil o bərdunən miləʋə kənə,ij̃ hokər buɽ bərson bʰe'̃ʈosi'ɖiə̃,ŋɑ: lɑ kɪnd̪o jɑ ʋ: ɑ:r-ʃen,njɑ ǰo yečʰem ʋə o ləɑ:ršen,uni d̪o bɑr d̪omin nɑpɑm ɑkɑd̪eɑ,əĩ inih lo bərsɑ nəpəm kə̃nəɪ,,,,,,,,,,,,,,,,,,,,,,,,,,,,,,,,,,
I met him thrice.,ən əil o əpedunən miləʋə kənə,ij̃ hokər buɽ ʊ'feson dʰɑ̃ʋ bʰẽ'ʈosiɖiə̃,ŋɑ: lɑ kɪnd̪o jɑ ʋ: lɑe-ʃen,njɑ ǰo yečʰem ʋə o ləlešen,uni d̪o pɛ d̪omin nɑpɑm ɑkɑd̪eɑ,əĩ inih lo əpišɑ nəpəm kə̃nəɪ,,,,,,,,,,,,,,,,,,,,,,,,,,,,,,,,,,
I met him forth time.,ən əil o upundunən miləʋə kənə,ij̃ hokər buɽ i'ifonson bʰe'̃ʈosi'ɖiə̃,ŋɑ: lɑ kɪnd̪o jɑ ʋ: šɑo-ʃen,njɑ ǰo yečʰem ʋə o ləsošen,uni d̪o pon d̪omin nɑpɑm ɑkɑd̪eɑ,əĩ inih lo upunšɑ nəpəm kə̃nəɪ,,,,,,,,,,,,,,,,,,,,,,,,,,,,,,,,,,
I called her nine times.,ən əe əredunən kijə lie,ij̃ hokɽəte ekɽi tʰomsĩɽ dʰor remɑkʰo'ə̃,ŋɑ: lɑ kʰoʈ jɑ kɑ: kʰənd̪ɑ:-ʃen,njɑ kʰoʈ o kɑ kʰənɖešen,uni d̪o ɑrɛ d̪omin nɑpɑm ɑkɑd̪eɑ,əĩ inih lo ərešɑ nəpəm kə̃nəɪ,,,,,,,,,,,,,,,,,,,,,,,,,,,,,,,,,,
I called him twenty five times.,ən əe hiši mojdunən kijə lie,ij̃ hokɽəte ekɽi ekɽi moloj  dʰor remɑkʰo'ə̃,ŋɑ: lɑ kʰoʈ jɑ kɑ: ɑ:rpʰɑʋsən-ʃen,njɑ kʰoʈ o ʊ ɑ:rpʰɑʊšənšen,in d̪o uni bɑ:r ɡɛl mɔ̃ɽɛ̃  d̪omin hoho ɑkɑd̪eɑ,əĩ inih ke hiši moɽešɑ keɖɑ lij̃əi,,,,,,,,,,,,,,,,,,,,,,,,,,,,,,,,,,
I called her fifteen times.,ən əe ɡelmojdunən kijə lie,ij̃ hokɽəte ekɽi ɡʰol moloj dʰor remɑkʰo'ə̃,ŋɑ: lɑ kʰoʈ jɑ kɑ: kʰəʈsən-ʃen,njɑ kʰoʈ o kɑ kʰəʈšənšen,in d̪o uni  ɡɛl mɔ̃ɽɛ̃  d̪omin hoho ɑkɑd̪eɑ,əĩ inih ke ɡel moɽešɑ keɖɑ lij̃əi,,,,,,,,,,,,,,,,,,,,,,,,,,,,,,,,,,
,,,,,,,,,,,,,,,,,,,,,,,,,,,,,,,,,,,,,,,,
Restrictives (Values),,,,,,,,,,,,,,,,,,,,,,,,,,,,,,,,,,,,,,,,
Only/ One,mijəd ɡe,e'bloɽ mõj,təŋ uʋei,iʋi ɛ,kʰəli mi',mojəd bɑri,,,,,,,,,,,,,,,,,,,,,,,,,,,,,,,,,,
Only two,bəreije ɡe,e'bloɽ borijɑ/ubər,təŋ ɑr təlli,ɑr təlli/ɳut ɛ,kʰəli bərijɑ,bərijɑ bɑri,,,,,,,,,,,,,,,,,,,,,,,,,,,,,,,,,,
Only three,əpije ɡe,e'bloɽ ʊ'fe,təŋ lɑe təlli,le təlli ɛ,kʰəli pejɑ,əpijɑ bɑri,,,,,,,,,,,,,,,,,,,,,,,,,,,,,,,,,,
Only four,upnijə ɡe,e'bloɽ i'ifon,təŋ šɑo təlli,so təlli ɛ,kʰəli ponejɑ,upunijɑ bɑri,,,,,,,,,,,,,,,,,,,,,,,,,,,,,,,,,,
Only five,moije ɡe,e'bloɽ moloj,təŋ šən təlli,šən təlli ɛ,kʰəli mɔ̃ɽeɡoʈɛ,mɔɽejɑ bɑri,,,,,,,,,,,,,,,,,,,,,,,,,,,,,,,,,,
Only ten,ɡelejɑ ɡe,e'bloɽ ɡʰol,təŋ šipʰəu təlli,čʰipʰəu təlli ɛ,kʰəli ɡɛl,ɡelejɑ bɑri,,,,,,,,,,,,,,,,,,,,,,,,,,,,,,,,,,
,,,,,,,,,,,,,,,,,,,,,,,,,,,,,,,,,,,,,,,,
Restrictive (Examples),,,,,,,,,,,,,,,,,,,,,,,,,,,,,,,,,,,,,,,,
There is only one child,entɑ re mijəd hon suəɖ minɑije,ute e'bloɽ muɽu kũɽu ɑij'ə̃,i ɖon təŋ uʋei i kʰənnɑ,səmen he i kʰənnɑ vɑem,kʰəli mi'-təŋ ɡidrə minɑjɑ,netɑ mojon bɑri hon menəi,,,,,,,,,,,,,,,,,,,,,,,,,,,,,,,,,,
He ate only four mangoes,əje upnije uliɡe ǰom keɖɑ,hokəɽ e'bloɽ i'ifon kəjər jõkʰo,u bɑm təŋ šɑo təlli ki sɔpiŋ,bɑm-u so təlli ɛ ki sɔpin,uni kʰəli ponejɑ ul-e ǰomkʰidɑ,ɑ'je upunijɑ bɑri uli ǰom kedɑ,,,,,,,,,,,,,,,,,,,,,,,,,,,,,,,,,,
,,,,,,,,,,,,,,,,,,,,,,,,,,,,,,,,,,,,,,,,
Distributives (Values),,,,,,,,,,,,,,,,,,,,,,,,,,,,,,,,,,,,,,,,
One each,mutiɖ hoko mijəd mijəd hɑʈiŋ əkoŋ,muɽu muɽu te,ʋei ʋei jɑuʋei,iʋə səmen,mi' mi' ʈəŋ/kətɛ,moj-mojəd soben ko,,,,,,,,,,,,,,,,,,,,,,,,,,,,,,,,,,
Three each,əpije əpije hɑtiŋ əkoŋ,ʊ'fe ʊ'fe,lɑi lɑi jɑuʋəi,le səmen,pejɑ pejɑ kətɛ,əpe-əpijɑ soben ko,,,,,,,,,,,,,,,,,,,,,,,,,,,,,,,,,,
Five each,mojie mojie hɑtiŋ əkoŋ,moloj moloj,sən sən jɑuʋei,šən səmen,mõɽə̃-ɡoʈɛ kətɛ,moɽe-moɽejɑ soben ko,,,,,,,,,,,,,,,,,,,,,,,,,,,,,,,,,,
one-by-one,minɖo minɖo te huǰupe,muɽu muɽu kərjəkon,uʋei pɑ uʋəi,iʋi pɑ iʋi,mi' mi' kətɛ,mojəd mojəd te,,,,,,,,,,,,,,,,,,,,,,,,,,,,,,,,,,
two-by-two,bəro bəro huǰupe,borijɑ borijɑ kərjəkon,ɑr ɑr,ɑr lɑ ɑr,bərijɑ bərijɑ kətɛ,bərijɑ bərijɑ te,,,,,,,,,,,,,,,,,,,,,,,,,,,,,,,,,,
,,,,,,,,,,,,,,,,,,,,,,,,,,,,,,,,,,,,,,,,
Approximatives (Values),,,,,,,,,,,,,,,,,,,,,,,,,,,,,,,,,,,,,,,,
Approximately,ləɡɑləɡi,sə̃it,kumbɑ,kəmʋɑ,motɑ moti,-,,,,,,,,,,,,,,,,,,,,,,,,,,,,,,,,,,
,,,,,,,,,,,,,,,,,,,,,,,,,,,,,,,,,,,,,,,,
Approximatives (Examples),,,,,,,,,,,,,,,,,,,,,,,,,,,,,,,,,,,,,,,,
Approximately 20 kilos of rice are in the sack.,hisi kilo ləɡɑləɡi čɑuli bostɑre minə,sə̃it ekɽi kilo rumku'b borɑ te ɑji'ə̃,kumbɑ ɑ:rpʰɑʊ kɪlo ʊkʰɑ ʊɖən hɑ kɑ plɑ,kəmʋɑ ɑ:rpʰɑʊ kɪlo ukʰo em həpo čʰurɪjɑ,motɑ moti bɑ:r ɡɛl kilo čɑole d̪o bost̪ɑre menɑkɑ,-,,,,,,,,,,,,,,,,,,,,,,,,,,,,,,,,,,
Approximately 50% of students are attending the workshop.,nen ʋərkʃop re pəcɑs prətisət ləɡɑləɡi honko hitəɖ kudubə kənə,-,kumbɑ sənpʰəʊ pərsent ki: kɪnnɑ skul kɪ jɑ d̪ən hɑ kɑ wərksɔp.,kəmʋɑ sənpʰɑ pərsent kʰɪnnɑ ʋɑ laə/em,-,-,,,,,,,,,,,,,,,,,,,,,,,,,,,,,,,,,,
Approximately  fifteen kilos of rice are in the sack.,ɡel moj kilo ləɡɑləɡi čɑuli bostɑre minə,sə̃it ɡʰol moloj kilo rumku'b borɑ te ɑji'ə̃,kumbɑ kʰɑt̪sən kɪlo ʊkʰɑ ʊɖən hɑ kɑ plɑ,kəmʋɑ kʰəʈšən kɪlo ukʰo em həpo čʰurɪjɑ,-,-,,,,,,,,,,,,,,,,,,,,,,,,,,,,,,,,,,
Approximately 2/3rd members are left.,-,-,-,-,-,-,,,,,,,,,,,,,,,,,,,,,,,,,,,,,,,,,,
This institute contains approximately 1000 students.,nen sənstʰɑn re pəʈue-ko ɖɑkɑ ləɡɑləɡi minɑkuɑ,-,-,-,-,-,,,,,,,,,,,,,,,,,,,,,,,,,,,,,,,,,,
Approximately 35 kilos of rice are in the sack.,hiši ɡel moijə kilo ləɡɑləɡi čɑuli bostɑre minə,sə̃it ekɽi ɡʰol moloj kilo rumku'b borɑ te ɑji'ə̃,-,kəmʋɑ ləpʰəʊ šən kɪlo ukʰo em həpo čʰurɪjɑ,-,-,,,,,,,,,,,,,,,,,,,,,,,,,,,,,,,,,,
,,,,,,,,,,,,,,,,,,,,,,,,,,,,,,,,,,,,,,,,
Aggregatives (Values),,,,,,,,,,,,,,,,,,,,,,,,,,,,,,,,,,,,,,,,
Group/together,ɡoʈʰ,ɡõhɽɑ,-,kunhun,-,-,,,,,,,,,,,,,,,,,,,,,,,,,,,,,,,,,,
,,,,,,,,,,,,,,,,,,,,,,,,,,,,,,,,,,,,,,,,
Aggregatives (Examples),,,,,,,,,,,,,,,,,,,,,,,,,,,,,,,,,,,,,,,,
A group of two girls played.,bəro honkiŋ ɡoʈʰ ko inuŋ kinə,ubər beʈikijə' ɡõhɽɑ ebo'ki,-,čʰɪ kunhun kɪ ɑ:r kənt̪ʰɑɪ ʋə ləɪke,-,-,,,,,,,,,,,,,,,,,,,,,,,,,,,,,,,,,,
A group of five girls played.,moijə honkiŋ ɡoʈʰ ko inuŋ kinə,moloj beʈikijə' ɡõhɽɑ ebo'ki,-,čʰɪ kunhun kɪ šən kənt̪ʰɑɪ ʋə ləɪke,-,-,,,,,,,,,,,,,,,,,,,,,,,,,,,,,,,,,,
A group of four girls played.,upnijə honkiŋ ɡoʈʰ ko inuŋ kinə,i'ifon beʈikijə' ɡõhɽɑ ebo'ki,-,čʰɪ kunhun kɪ šo kənt̪ʰɑɪ ʋə ləɪke,-,-,,,,,,,,,,,,,,,,,,,,,,,,,,,,,,,,,,
A group of twelve boys reached.,ɡel bərijə ɡotʰ ren koɑhonko tibɑjənɑ,ɡʰol ubər ti' beʈɑkijə' ɡohɽɑ ɖəmki,-,-,-,-,,,,,,,,,,,,,,,,,,,,,,,,,,,,,,,,,,
A group of twenty five boys reached.,hiši moije henkojɑ ɡotʰ tibɑjənɑ,ekɽi moloj  ti' beʈɑkijə' ɡohɽɑ ɖəmki,-,-,-,-,,,,,,,,,,,,,,,,,,,,,,,,,,,,,,,,,,
A group of twenty boys reached.,hiši moije henkojɡotʰ beʈbɑjənɑ,ekɽi ti' beʈɑkijə' ɡohɽɑ ɖəmki,-,-,-,-,,,,,,,,,,,,,,,,,,,,,,,,,,,,,,,,,,
,,,,,,,,,,,,,,,,,,,,,,,,,,,,,,,,,,,,,,,,
Collectives (Values),,,,,,,,,,,,,,,,,,,,,,,,,,,,,,,,,,,,,,,,
Pair,ǰoɖɑ,ǰoɽɑ,ǰur,kʰuǰɑt,ǰoɖɑ,ǰoɖɑ,,,,,,,,,,,,,,,,,,,,,,,,,,,,,,,,,,
Dozen,ɡelbər-dunəŋ (twelve times),dərǰən,onsen,bon šen (many times),ɑimədom (many times),dərǰən,,,,,,,,,,,,,,,,,,,,,,,,,,,,,,,,,,
Half a dozen,turuiije (six),odʰɑ dəǰən,-,čʰiten dərǰən,ɑdʰɑ dərǰən,ɑdʰɑ dərǰən,,,,,,,,,,,,,,,,,,,,,,,,,,,,,,,,,,
,,,,,,,,,,,,,,,,,,,,,,,,,,,,,,,,,,,,,,,,
Collectives (Examples),,,,,,,,,,,,,,,,,,,,,,,,,,,,,,,,,,,,,,,,
Two pair of socks,mi ǰoɖɑ moǰɑ,ubər ǰoɽɑ moǰɑ,ɑr ǰur ki moǰɑ,ɑ:r kʰuǰɑt ki muǰɑ,bərijɑ ǰoɖɑ moǰɑ,bɑr ǰoɖɑ moǰɑ,,,,,,,,,,,,,,,,,,,,,,,,,,,,,,,,,,
Pair of socks are lying here,mi ǰoɖɑ moǰɑ nintɑre imɑkɑnɑ,mõj ǰoɽɑ moǰɑ ute məɽjəʒji'ə̃,ši ǰur ki muǰɑ ki ɖon,čik ǰət ki muǰɑ ʋə m heini,ǰoɖɑ moǰɑ nunɖe minɑ: ɑ:,mod ǰoɖɑ moǰɑ netɑre menɑ',,,,,,,,,,,,,,,,,,,,,,,,,,,,,,,,,,
I went there dozen of times.,ən intɑ ɡelbər-dunəŋ sinɑkɑnɑ,ij̃ hote dərǰən ber čolsi'ɽiɽə,ŋɑ le čʰətəe ki bonsen kipor,ɖə bon šen bʰɑ lɑjɑ čʰetu,ĩ hənɖe ɑimədom in sennɑi,ən intɑ dərǰən həmən en kinɑ,,,,,,,,,,,,,,,,,,,,,,,,,,,,,,,,,,
I bought half a dozen eggs.,turuiije simǰərəmən kirəŋkiɖɑ,ij̃ odʰɑ dəǰən ənɖɑ rõɽoj̃,-,tʰieɖ ə čʰiten dərǰən ki pileŋ,ĩ ɑdʰɑ dərǰən biliŋ hətɑo kedɑ,ən ɑdʰɑ dərǰən ǰɑron kiriŋ kidɑ,,,,,,,,,,,,,,,,,,,,,,,,,,,,,,,,,,
