,Expressions,Kulvi,Dogri,Garhwali,Kumaoni,Gaddi,Konkani,Nepali,Kudmali,Bengali,Assamese,Marwari,Punjabi,Oriya,Kashmiri,Marathi,Gujarati,Sindhi,Pahari,Nagpuri,Wagdi,Bajjika,Sanskrit,Panchpargania,Sylheti,Urdu,Halbi,Khortha,Rajbonshi
,,,,,,,,,,,,,,,,,,,,,,,,,,,,,
,Ordinals,,,,,,,,,,,,,,,,,,,,,,,,,,,,
LP1,First,pɛlɑ,pɛlɑ,pehlu,pehlɑ,pɛlɑ,pəjlɛ̃,prətʰəm,mir,prot̪om,prɒt̪ʰɒm,pɛlo,pehlɑ,prətʰ̪əmə,ɡʋəɖnjuk,pəhɪlɑ,pehlʊ,pero,ekmɑ,pehlɑ,pelo,pəhilɑ,prətʰəməh(M)/prətʰəmɑ(F)/prətʰməm(N),pəhlɑ,fort̪om,pehlɑ,pəhil,pehlɑ,potʰom
LP2,Second,duǰǰɑ,duʋɑ,dusru,dusrɑ,duɑ,d̪usrɛ̃,ditijə,dusrɑ,d̪ɪt̪io,d̪rɪt̪ɪɒ,duɟ̌o,d̪uǰɑ,d̪ɪt̪ɪjə,d̪oɪjəm,d̪usrɑ,bɪǰʊ,beo,duɑ,dusrɑ,biǰo,dusrɑ,dʋitijəh/dʋitijɑ/dʋitijəm,dusrɑ,d̪it̪ijo,dusrɑ,dusər,dusrɑ,ditijo
LP3,Third,triǰɑ,trijɑ,tisru,tisrɑ,trijɑ,t̪ɪsrɛ̃,tritijə,-,t̪rɪt̪io,t̪rɪt̪ɪɒ,tɪɟ̌o,t̪ɪǰɑ,t̪rut̪ɪjə,t̪reɪjəm,t̪ɪsrɑ,t̪ɪǰʊ,ʈɪo,trijɑ,tisrɑ,tisro,tisrɑ,tritijəh/tritijɑ/tritijəm,tisrɑ,t̪rit̪ijo,tisrɑ,tisər,tisrɑ,titijo
LP4,Fourth,čɔutʰɑ,čotʰɑ,čotʰu,čotʰɑ,čotʰɑ,t͡səvt̪ɛ̃,tʃəturtʰ,-,čot̪urt̪ʰo,sot̪ʊrt̪ʰ,čoʈʰo,čəut̪ʰɑ,čət̪urt̪ʰə,tʃurjem,čəʊt̪ʰɑ,čɔʊt̪ʰu,čot̪ʰo,čotʰɑ,čɔtʰɑ,čɔtʰo,čəutʰɑ,čəturtʰəh/čəturtʰɑ/čəturtʰəm,cəutʰɑ,sot̪urt̪ʰo,tʃotʰɑ,čəʋtʰɑ,čɔtʰɑ,čotutʰo
LP5,Fifth,põnǰʋɑ̃,pəimɑ,pɑ̃ču,pɑ̃čʋɑ,pəimɑ,pɑ̃t͡səvɛ̃,pɑ̃tʃõ,-,pɔnčom,pɑ:s nɒmbor,pɑ̃nčvo,pənǰʋɑ̃,pənčəmə,pũtʃjəm,pɑ̃nčʋɑ,pɑ̃nčmʊ,pənǰo,pənǰmɑ,pɑ̃čʋɑ,pɑčʋo,pəčmɑ,pə̃nčməh/pə̃nčmɑ/pə̃nčməm,pɑ̃cʋɑ̃,fɔncom,pɑ̃tʃʋɑ̃,pɑ̃čʋɑ̃,pɑ̃nčʋɑ,pončom
LP6,Sixth,čʰəuʋɑ̃,šədmɑ,čʰəʈu,čʰəʈɑ,čʰemmɑ,səvvɛ̃,ʃɛʈõ,-,šɔštom,soɪ nɒmbor,čʰəʈʰo,ʃeʋɑ̃,səsʈʰə,šəɪjəm,šɑhʋɑ,čʰəʈʈʰʊ,čəo,čʰemmɑ,čʰəʈʋɑ,čʰəʈʈo,čʰəʈʈɑ,ʂəsʈəh/ʂəsʈʰəmɑ/ʂəsʈʰəm,čʰəʈɑ̃,ʃɔʃʈʰo,tʃʰəʈɑ,čʰəʈʋɑ̃,čʰəʈʈʰɑ,čʰosʈom
LP7,Seventh,sɔtuʋɑ̃,sətmɑ,sətu,sətʋɑ,sətuʋɑ,sɑt̪vɛ̃,sɑtõ,-,šɔptom,hɑ:t nɒmbor,sɑ:təvo,sət̪ʋɑ̃,səpt̪əmə,səɪt̪jəm,šɑt̪t̪ʋɑ,sət̪mʊ,sət̪t̪o,sətmɑ,sətʋɑ,sɑtʋo,sətmɑ,səptəməh/səptəmɑ/səptəməm,sɑtʋɑ̃,ʃɔpt̪ɔm,sɑtʋɑ̃,sɑtʋɑ̃,sɑtʋɑ,sɔptom
LP8,Eighth,əʈʰuʋɑ̃,əʈʰmɑ,əʈʰu,əʈʰʋɑ,əʈʰʋɑ,ɑʈvɛ̃,ɑʈʰõ,-,ɔštom,ɑʈʰ nɒmbor,ɑ:ʈʰvo,əʈʰʋɑ̃,əsʈəmə,u:ʈʰəjəm,ɑ:ʈʰʋɑ,ɑ:ʈʰmʊ,əʈʰo,əʈʰmɑ,əʈʰʋɑ,ɑʈʰʋo,əʈʰmɑ,əsʈəməh/əsʈəmɑ/əsʈəməm,ɑʈʰʋɑ̃,ɔʃʈɔm,ɑʈʰʋɑ̃,ɑʈʋɑ̃,ɑʈʰʋɑ,ɔsʈom
LP9,Nineth,nɔuʋɑ̃,nɔmɑ,nəu,nɔʋɑ,nomɑ,ɳəvvɛ̃,nɔʋõ,-,nɔbom,nɒ nɒmbor,nəvo,nɔʋɑ̃,nəʋəmə,nəijəm,nəuʋɑ,nəʋmʊ,nəʋo,nommɑ,nɔʋɑ,nəʋo,nɔmɑ,nəʋəməh/nəʋmɑ/nəʋməm,nɔʋɑ̃,nɔbom,nɔʋɑ̃,nəʋɑ̃,nɔʋɑ,nobom
LP10,Tenth,dəsʋɑ̃,dəsmɑ,dəsu,dəsʋɑ,dəsmɑ,dʰɑvɛ̃,dəsʋõ,-,d̪ɔšom,d̪ɒh nɒmbor,dəsvo,d̪əsʋɑ̃,d̪əsəmə,d̪əhjəm,d̪ɑhʋɑ,d̪əsmʊ,ɖəo,dəsmɑ,bəsʋɑ,dəsʋo,dəsmɑ,dəʃməh/dəʃmɑ/dəʃməm,dəsʋɑ̃,d̪ɔʃom,dəsʋɑ̃,dəsʋɑ̃,dəsʋɑ,dosom
LP11,Eleventh,ɡjɑrʋɑ̃,ɡjɑrmɑ,iɡjɑrʋu,iɡjɑrʋɑ,jɑrmɑ,ɪkrɑvɛ̃,eɡɑrõ,-,ɛkɑd̪ɔš,ɛɡɑrɒ nɒmbor,ɪɡjɑrvo,ɡjɑrʋɑ̃,ekɑd̪əsə,kəhjəm,əkrɑʋɑ,əɡjɑrmʊ,yɑro,jɑrmɑ,eɡɑrʋɑ,ɡjɑrʋo,eɡərmɑ,ekɑdəʃməh/ekɑdəʃmɑ/ekɑdəʃməm,ɡɑroʋɑ̃,æxɑd̪ɔʃ,ɡijɑrʋɑ̃,iɡɑrʋɑ̃,ɡjɑrʋɑ,ekɑdos
LP12,Twelvth,bɑrʋɑ̃,bɑrmɑ,bɑrʋu,bɑrʋɑ,bɑrmɑ,bɑrɑvɛ̃,bɑrõ,-,d̪ɑd̪ɔš,bɑ:rɒ nɒmbor,bɑrvo,bɑrʋɑ̃,d̪ʋɑd̪əsə,bəhjəm,bɑrɑʋɑ,bɑ:rmʊ,bɑro,bɑrmɑ,bɑrʋɑ,bɑrʋo,bərʋɑ̃,dʋɑdəʃməh/dʋɑdəʃmɑ/dʋɑdəʃməm,bɑroʋɑ̃,d̪ɑdɔʃ,bɑrʋɑ̃,bɑrʋɑ̃,bɑrʋɑ,dɑdos
LP13,Thirteenth,teruʋɑ̃,termɑ,terʋu,terʋɑ,termɑ,t̪ɛrɑvɛ̃,terõ,-,t̪ærot̪ɔmo,t̪ɛrɒ nɒmbor,tervo,t̪ehrəʋɑ̃,t̪rəjod̪əsə,t̪ruʋəhjəm,t̪erɑʋɑ,t̪e:rmʊ,ʈero,termɑ,terʋɑ,terʋo,terʋɑ̃,trəjodəʃməh/trəjodəʃmɑ/trəjodəʃməm,teroʋɑ̃,t̪rojod̪ɔʃ,terʋɑ̃,terʋɑ̃,terʋɑ,trjodos
LP14,Fourteenth,čɔduʋɑ̃,čɔdmɑ,čɔdʋu,čɔdʋɑ,čodmɑ,t͡səvd̪ɑvɛ̃,tʃɔdõ,-,čod̪d̪ot̪ɔmo,soɪd̪ʰɒ nɒmbor,čəʊdəvo,čɔd̪ʋɑ̃,čət̪urd̪əsə,tʃjəd̪əhjəm,čəʊd̪ɑʋɑ,cəʊd̪mʊ,čəd̪ʋo,čodmɑ,čɔdʋɑ,čɔudʋo,čəudəhʋɑ̃,čəturdəʃməh/čəturdəʃmɑ/čəturdəʃməm,cəudoʋɑ̃,sot̪urd̪ɔʃ,tʃodʰʋɑ̃,čəʋdəʋɑ̃,čɔdʋɑ,čotʰurdos
LP15,Fifteenth,pəndruʋɑ̃,pəndrəmɑ,pəndərʋu,pəndərʋɑ,pəndrəmɑ,pə̃d̪rɑvɛ̃,pəndrõ,-,ponerot̪ɔmo,pʊnd̪ʰɒrɒ nɒmbor,pəndərvo,pənd̪ərʋɑ̃,pənčəd̪əsə,pənd̪əhjəm,pə̃nd̪rɑʋɑ,pənd̪ərmʊ,pənd̪rʋo,pəndrəmɑ,pənrəhʋɑ,pəndərʋo,pəndrəhʋɑ̃,pə̃nčdəʃməh/pə̃nčdəʃmɑ/pə̃nčdəʃməm,pəndroʋɑ̃,fɔncod̪ɔʃ,pəndrəʰʋɑ̃,pəndərʋɑ̃,pəndərʋɑ,-
LP16,Sixteenth,ʃoluʋɑ̃,šolmɑ,ʃolʋu,ʃolʋɑ,solmɑ,sɔɭɑvɛ̃,ʃorəõ,-,šolot̪ɔmo,hʊllɒ nɒmbor,soləvo,soɭʋɑ̃,səst̪əd̪əsə,šrehjəm,ʃolɑʋɑ,ʃolmʊ,soro,solmɑ,solʋɑ,soləʋo,soləhʋɑ̃,ʂoɖdəʃməh/ʂoɖdəʃmɑ/ʂoɖdəʃməm,soloʋɑ̃,ʃɔʃʈod̪ɔʃ,solʋɑ̃,solʋɑ̃,solʋɑ,-
LP17,Seventeenth,sətɑruʋɑ̃,sətɑrmɑ,sətɑrʋu,sətrəhʋɑ,sətɑrma,st̪rɑvɛ̃,sətrəõ,-,šɔterot̪ɔmo,hʊtɒrɒ nɒmbor,sətərvo,sət̪ɑrʋɑ̃,səpt̪əd̪əsə,sɑd̪əhjəm,šət̪rɑʋɑ,sət̪t̪ərmʊ,sət̪ro,sətɑrmɑ,sətrəʋɑ,sətərʋo,sətrehʋɑ̃,səptdəʃməh/səptdəʃmɑ/səptdəʃməm,sətroʋɑ̃,ʃɔpt̪od̪ɔʃ,sɑtɑrʋɑ̃,sətərʋɑ̃,sətrəhʋɑ,-
LP18,Eighteenth,ʈʰɑruʋɑ̃,ʈʰɑrmɑ,əʈʰərʋu,əʈʰərəhʋɑ,ʈʰɑrmɑ,əʈrɑvɛ̃,əʈʰɑrʋõ,-,ɑ:ʈʰerot̪ɔmo,ʊʈʰɒrɒ nɒmbor,əʈʰɑrvo,əʈʰɑrʋɑ̃,əsʈd̪əsə,ərd̪əhjəm,əʈʰrɑʋɑ,əɖʰɑ:rmʊ,əʈʈʰɑro,ʈʰɑrmɑ,əʈʰɑrʋɑ,əʈʰɑrʋo,əʈʰərʋɑ̃,əsʈɑdəʃməh/əsʈɑdəʃmɑ/əsʈɑdəʃməm,ɑʈʰɑroʋɑ̃,ɔʃʈɑd̪ɔʃ,ɑʈʰɑrʋɑ̃,əʈʰɑrʋɑ̃,ɑʈʰɑrʋɑ,-
LP19,Nineteenth,unnɑnuʋɑ̃,unnimɑ,unnisu,unnisʋɑ,unnimɑ,ekuɳɪsɑvɛ̃,unnisʋõ,-,uništ̪ɔmo,ʊnoɪs nɒmbor,ʊɡnɪsvo,unnɪsʋɑ̃,unənʋɪŋɡsə,kunʋuhjəm,ekonɑʋɪ,oɡnɪšmʊ,uɲɪjo,unmɑ,unnisʋɑ,unnisʋo,unnisʋɑ̃,nəvdəʃməh/ekonʋinʃətitəməh/nəʋdəʃəsmɑ/ekonʋinʃətitəmɑ/nəʋdəʃməm/ekonʋinʃətitəməm,unosʋɑ̃,unobiʃ,unisʋɑ̃,onisʋɑ̃,unnisʋɑ,-
LP20,Twentyth,biʋɑ̃,bimɑ,bisʋu,bisʋɑ,bimɑ,vɪsəvɛ̃,bisʋõ,-,-,bɪs nɒmbor,bɪ:svo,ʋɪʋɑ̃,ʋɪŋɡsə,ʋuhjəm,ʋɪsɑʋɑ,ʋɪšmʊ,bɪo,bimɑ,bisʋɑ,bisʋo,bisʋɑ̃,ʋĩnʃətitəməh/ʋĩnʃətitəmɑ/ʋĩnʃətitəməm,bisʋɑ̃,biʃ,bisʋɑ̃,bisʋɑ̃,bisʋɑ,-
LP21,Twenty first,ikkiʋɑ̃,ikkimɑ,ikkisʋu,ikkisʋɑ,ikkimɑ,ekvɪsvɛ̃,ekɑisõ,-,-,ɛkʊɪs nɒmbor,ɪkɪsvo,ɪkkɪʋɑ̃,ekəʋɪŋɡsə,əkʰʋuhjəm,ekʋɪsɑʋɑ,ekʋɪšmʊ,ɪkkɪjo,ikmɑ,ekkisʋɑ,ekkisʋo,ekisʋɑ̃,dʋɑʋĩnʃətitəməh/dʋɑʋĩnʃətitəmɑ/dʋɑʋĩnʃətitəməm,ekoisʋɑ̃,-,ikisʋɑ̃,iskisʋɑ̃,ekkisʋɑ,-
LP22,Twenty second,bɑiʋɑ̃,bɑimɑ,bɑisʋu,bɑisʋɑ,bɑimɑ,bɑvɪsvɛ̃,bɑisõ,-,-,bɑɪs nɒmbor,bɑ:ɪsvo,bɑɪʋɑ̃,d̪ʋɑʋɪŋɡsə,žut̪t̪oʋuhjəm,bɑʋɪsɑʋɑ,bɑʋɪšmʊ,bɑʋɪjo,bɑimɑ,bɑisʋɑ,bɑisʋo,bɑisʋɑ̃,trəjodʋɑʋĩnʃətitəməh/trəjodʋɑʋĩnʃətitəmɑ/trəjodʋɑʋĩnʃətitəməm,bɑisʋɑ̃,-,bɑisʋɑ̃,bɑisʋɑ̃,bɑisʋɑ,-
,,,,,,,,,,,,,,,,,,,,,,,,,,,,,
,Ord-NP,,,,,,,,,,,,,,,,,,,,,,,,,,,,
ex-LP1,first man,pɛlɑ mərd/mɑɳu,pɛlɑ bəndɑ,pɛlɑ ɑdim,pehlik ɑdim,pɛlɑ mɑɳu,pəjɔ d̪ɑd̪lɔ,pɛlo mɑnse,mirɑ həɽ,prot̪ʰom  lok,prɒt̪ʰɒm mɑnʊh,pɛlo ɑ:dəmɪ,pɛlɑ ɑd̪mɪ,prət̪ʰəmə purusə,ɡʋəɖnjuk mohinu,pəhɪlɑ mɑnus,pehlo mɑɳəs,peɽo bʰɑɪ,pelɑ ɑdmi,pehlɑ ɑdmi,pelo ɑdmi,pəhilɑ ɑdmi,prətʰəməh puruʂəh,pehlɑ ɑdmi/loɡ,frotom mɑnuʃ,pehlɑ ɑdmi,pəhil mənuk,pehlɑ lok,potʰom mɑnus
ex-LP2,second man,duǰǰɑ mɑɳu,duɑ bəndɑ,dusrɑ ɑdim,dusər ɑdim,duɑ mɑɳu,d̪usrɔ d̪ɑd̪lɔ,dosro mɑnse,-,d̪ɪt̪io lok,drɪtɪɒ mɑnʊh,dʊɟo ɑ:dəmɪ,d̪uǰǰɑ ɑd̪mɪ,d̪ɪt̪ɪje purusə,d̪oɪjəm mohinu,d̪usrɑ  mɑnus,bɪǰo mɑɳəs,bɪjo bʰɑɪ,duɑ ɑdmi,dusrɑ ɑdmi,biǰo ɑdmi,dusrɑ ɑdmi,dʋitijəh puruʂəh,dusrɑ loɡ,ditijo mɑnuʃ,dusrɑ ɑdmi,dusər mənuk,dusrɑ lok,ditio mɑnus
ex-LP3,third man,triǰɑ mɑɳu,trijɑ bədnɑ,tisrɑ ɑdim,tisər ɑdim,trijɑ mɑɳu,t̪ɪsrɔ d̪ɑd̪lɔ,tesro mɑnse,-,t̪rɪt̪io lok,trɪtɪɒ mɑnʊh,tɪɟo ɑ:dəmɪ,t̪ɪǰǰɑ ɑd̪mɪ,t̪rut̪ɪje purusə,t̪reɪjəm mohinu,t̪ɪsrɑ  mɑnus,t̪ɪǰo mɑɳəs,ʈɪo bʰɑɪ,trijɑ ɑdmi,tisrɑ ɑdmi,tisro ɑdmi,tisrɑ ɑdmi,tritijəh puruʂəh,tisrɑ loɡ,tritijo mɑnuʃ,tisrɑ ɑdmi,tisər mənuk,tisrɑ lok,titio mɑnus
ex-LP4,fourth man,čɔutʰɑ mɑɳu,čɔtʰɑ bəndɑ,čɔtʰɑ ɑdim,čɔtʰɑ ɑdim,čotʰɑ mɑɳu,t͡səvt̪ɔ d̪ɑd̪lɔ,tʃɔtʰo mɑnse,-,čot̪urt̪ʰo lok,sotʊrtʰɒ mɑnʊh,čʰot̪ʰo ɑ:dəmɪ,čɔt̪ʰɑ ɑd̪mɪ,čət̪urt̪ʰə purusə,tʃurjem mohinu,čəʊt̪ʰɑ  mɑnus,čɔʊt̪ʰo mɑɳəs,čoʈʰo bʰɑɪ,čotʰɑ ɑdmi,čɔtʰɑ ɑdmi,čɔtʰo ɑdmi,čɔutʰɑ ɑdmi,čəturtʰəh puruʂəh,cɔtʰɑ loɡ,soturtʰo mɑnuʃ,tʃɔtʰɑ ɑdmi,čəʋtʰɑ mənuk,čɔtʰɑ lok,čotutʰo mɑnus
ex-LP5,fifth man,põnǰʋɑ mɑɳu,pənǰmɑ bəndɑ,pɑ̃čʋɑ ɑdim,pəču ɑdim,pəimɑ mɑɳu,pɑ̃t͡svɔ d̪ɑd̪lɔ,pɑ̃tʃo mɑnse,-,pɔnčom lok,pɑ:snɒmbor mɑnʊh,pɑ:nčəro  ɑ:dəmɪ,pənǰʋɑ̃ ɑd̪mɪ,pə̃nčəmə purusə,pũtʃjəm mohinu,pɑ̃nčʋɑ  mɑnus,pɑ̃nčmo mɑɳəs,pənǰo bʰɑɪ,pənǰmɑ ɑdmi,pɑčʋɑ ɑdmi,pɑčʋo ɑdmi,pə̃čmɑ ɑdmi,pə̃nčməh puruʂəh,pɑ̃tʃʋɑ̃ loɡ,foincom mɑnuʃ,pɑ̃tʃʋɑ̃ ɑdmi,pɑ̃čʋɑ̃ mənuk,pɑ̃čʋɑ lok,pončom mɑnus
ex-LP1,first woman,pɛli betɽi,pɛli ǰənɑni,pɛl ɔrət,pehli sɛɳi,pɛli trimt,pəjlɪ bɑjl,pɛli məhilɑ,-,prot̪ʰom  mohɪlɑ,prɒt̪ʰɒm tɪrotɑ,pɛlɪ lʊɡɑɪ,pɛlɪ ɔrət̪,prət̪ʰəmə nɑri/ məhiɭɑ,ɡʋəɖnjuk žəin,pəhɪlɑ məhɪlɑ,pehlɪ st̪rɪ,perɪ mɑɪ,peli ɔrət,pehli ǰəni,peli bəiri,pəhilɑ ɔrət/mɔɡi,prətʰmɑ məhilɑ,pehlɑ beʈičʰuɑ,frotom mejemɑnuʃ,pehli ɔrət,pəhil mehrɑr,pehli ǰəni,potʰom mohilɑ
ex-LP2,second woman,duǰǰI betɽi,dui ǰənɑni,dusər ɔrət,dusri sɛɳi,doi trimt,d̪usrɪ bɑjl,dusri məhilɑ,-,d̪ɪt̪io mohɪlɑ,drɪtɪɒ tɪrotɑ,dʊɟo lʊɡɑɪ,d̪uǰǰɪ ɔrət̪,d̪ɪt̪ɪje nɑrɪ,d̪oɪjəm žəin,d̪usrɑ məhɪlɑ,bɪǰɪ st̪rɪ,bɪ mɑɪ,dui ɔrət,dusri ǰəni,biǰi bəiri,dusrɑ ɔrət,dʋitijɑ məhilɑ,dusrɑ beʈičʰuɑ,ditijo mejemɑnuʃ,dusri ɔrət,dusər mehrɑr,dusri ǰəni,ditio mohilɑ
ex-LP3,third woman,triǰǰi betɽi,tri ǰənɑni,tisri ɔrət,tisər sɛɳi,trɛ trimt,t̪ɪsrɪ bɑjl,tisri məhilɑ,-,t̪rɪt̪io mohɪlɑ,trɪtɪɒ tɪrotɑ,tɪɟo lʊɡɑɪ,t̪ɪǰǰɪ ɔrət̪,t̪rut̪ɪje nɑrɪ,t̪reɪjəm žəin,t̪ɪsrɑ məhɪlɑ,t̪ɪǰɪ st̪rɪ,ʈrɪ mɑɪ,tri ɔrət,tisri ǰəni,tisri bəiri,tisrɑ ɔrət,tritijɑ məhilɑ,tisrɑ beʈičʰuɑ,tritijo mejemɑnuʃ,tisri ɔrət,tisər mehrɑr,tisri ǰəni,titio mohilɑ
ex-LP4,fourth woman,čɔtʰi betɽi,čɔtʰi ǰənɑni,čɔtʰ ɔrət,čɔtʰi sɛɳi,čotʰi trimt,t͡səvt̪ɪ bɑjl,tʃɔtʰi məhilɑ,-,čot̪urt̪ʰo mohɪlɑ,sotʊrtʰɒ tɪrotɑ,čot̪ʰɪ lʊɡɑɪ,čɔt̪ʰɪ ɔrət̪,čət̪urt̪ʰə nɑrɪ,tʃurjem žəin,čəʊt̪ʰɑ məhɪlɑ,čɔʊt̪ʰɪ st̪rɪ,čot̪ʰɪ mɑɪ,čotʰi ɔrət,čɔtʰi ǰəni,čɔtʰi bəiri,čɔutʰɑ ɔrət,čəturtʰi məhilɑ,cɔtʰɑ beʈičʰuɑ,soturtʰo mejemɑnuʃ,tʃɔtʰi ɔrət,čəʋtʰɑ mehrɑr,čɔtʰi ǰəni,čotutʰo mohilɑ
ex-LP5,fifth woman,põnǰʋi betɽi,pəimi ǰənɑni,pɑ̃čʋi ɔrət,pɑ̃čʋi sɛɳi,pəimi trimt,pɑ̃t͡səvɪ bɑjl,pɑ̃tʃo məhilɑ,-,pɔnčom mohɪlɑ,pɑ:snɒmbor tɪrotɑ,pɑ̃:nčvɪ lʊɡɑɪ,pənǰʋɪ̃ ɔrət̪,pə̃nčəmə nɑrɪ,pũtʃjəm žəin,pɑ̃nčʋɑ məhɪlɑ,pɑ̃nčmɪ st̪rɪ,pənǰɪ mɑɪ,pənǰmi ɔrət,pɑčʋi ǰəni,pɑčʋi bəiri,pəčmɑ ɔrət,pə̃nčmi məhilɑ,pɑ̃tʃʋɑ̃ beʈičʰuɑ,foincom mejemɑnuʃ,pɑ̃tʃʋĩ ɔrət,pɑ̃čʋɑ̃ mehrɑr,pɑ̃čʋi ǰəni,pončom mohilɑ
ex-LP6,sixth woman,čɔʋi betɽi,šemi ǰənɑni,čʰəʈi ɔrət,čʰəʈʈi sɛɳi,čʰemmi trimt,səvvɪ bɑjl,čʰɛʈo məhilɑ,-,šɔštom mohɪlɑ,sɒɪ nɒmbor tɪrotɑ,čʰəʈʈʰɪ lʊɡɑɪ,čʰeʋɪ̃ ɔrət̪,səsʈʰə nɑrɪ,šəɪjəm žəin,šɑhʋɑ məhɪlɑ,čʰəɳɳɪ st̪rɪ,čʰəʈʈɪ mɑɪ,čʰemmi ɔrət,čʰəʈʋi ǰəni,čʰəʈʈi bəiri,čʰəʈɑ ɔrət,ʂəsʈʰi məhilɑ,čʰəʈʋɑ̃ beʈičʰuɑ,ʃɔʃʈʰo mejemɑnuʃ,tʃʰəʈi ɔrət,čʰəʈʋɑ̃ mehrɑr,čʰəʈʈi ǰəni,ʃosʈo mohilɑ
ex-LP7,seventh boy,sɔtʋɑ ʃoru,šədʋɑ muɖɑ,sɑtu ləɖkɑ,sətu čel,sətmɑ čʰokro,sɑt̪vɔ t͡səlɔ,sɑto keʈɑ,-,šɔpt̪om čʰele,hɑ:t nɒmbor lɒrɑ:,sɑ:təro cʰoro,sət̪ʋɑ̃ munɖɑ,səpt̪əmə bɑɭəkə,səɪt̪jəm ləɖk,šɑt̪t̪ʋɑ muɭɡɑ,sət̪t̪ɑɳo čʰokro,sət̪t̪o bɑr,sətmɑ munɖɑ,sɑtʋɑ čʰorɑ,hɑto ləɽko,sɑtʋɑ čʰəurɑ/ləikɑ,sətptəməh bɑləkəh,sətʋɑ̃ čʰorɑ,ʃɔptom sele,sɑtʋɑ̃ ləɽkɑ,sɑtʋɑ̃ mehrɑr,sɑtʋɑ čʰɔrɑ,sɔpto mohilɑ
ex-LP8,eighth girl,ɔʈʰʋi ʃori,əʈʰmi kuɖi,ɑʈʰu lɑɖki,ɑʈʰu čeli,əʈʰmi čʰukri,ɑʈvɛ̃ t͡səlɪ,ɑʈʰo keʈi,-,ɔšʈom meje,ɑ:ʈʰ nɒmbor sʊɑ:lɪ,ɑ:ʈʰro čʰrəjɑ,əʈʰʋɪ̃  kuɖɪ,əsʈəmə ǰʰɪe,u:ʈʰəjəm kuər,əʈʰʋɑ muɭɡɪ,ɑ:ʈʰmɪ čʰokrɪ,əʈʈʰɪ čʰokrɪ,əʈʰmi kuɖi,ɑʈʰʋi čʰori,ɑʈʰʋi ʃori,ɑʈʰʋɑ čʰəuri/ləiki,əsʈəmi bɑlikɑ,ɑʈʰʋɑ̃ čʰori,ɔʃʈom meje,ɑʈʰʋĩ ləɽki,ɑʈʋɑ̃ mehrɑr,ɑʈʰʋi čʰɔri,ɔsʈo čɛŋɡri
,,,,,,,,,,,,,,,,,,,,,,,,,,,,,
,Fractions,,,,,,,,,,,,,,,,,,,,,,,,,,,,
,I ate 1/2 of the Pizza.,mɛ oddɑ pizzɑ kʰɑu,mɛ ɑddɑ pizzɑ kʰɑjeɖejɑ,mel ɑddɑ pizzɑ kʰjɑl,mɛ ɑdʰu pizzɑ kʰɛ hɛ,me əddɑ pizzɑ kʰəu tʰu,-,mɛle ɑdʰɑ pizzɑ kʰɑe,mə̃ kʰɑ̃ɽɑ pizzɑ nuɽələ̃,ɑmɪ ɑrd̪ʰek pɪd̪zɑ kʰeječʰɪ,moɪ dʊbʰɑɡor ɛbhɑɡ pɪzɑ: kʰɑlʊ,mhu ad̪ʰo pɪzzo kʰɑjɑ,mɛ̃ əddɑ pizzɑ kʰɑd̪d̪ɑ,mu pɪzzɑ rə əd̪ʰɑ kʰɑɪlɪ,me kʰjəu oɖ pizzɑ,mɪ ərd̪ʰɑ pɪzzɑkʰɑllɑ,mɛ ərd̪ʰo pɪzzɑ kʰɑd̪o,ɑu əd̪ʰ pɪzzɑ kʰɑd̪o,-,moj̃ ɑdʰɑ pizzɑ kʰɑe lelu,-,həm pizzɑ ke ɑdʰɑ bʰɑɡ kʰɑ lelijəu,əhəm ərdʰ pizzɑm kʰɑditʋɑn,mõj ɑdʰɑ pizzɑ kʰɑlo,ɑmi ɑd̪ɑ fiʈzɑ xɑisi,mɛne ɑdʰɑ piʈsɑ kʰɑjɑ,mə̃j pizzɑ čo ɑdʰɑ bʰɑɡ kʰɑdle,həme ɑdʰɑ pizzɑ kʰɑi lelijo,mui ɑddekʰɑn pizzɑ kʰɑluŋ
,I ate 2/3 of the Pizza.,-,-,mel do tihɑi pizzɑ kʰjɑl,mɛ di tihɑi pizzɑ kʰɛ hɛ,-,-,mɛle du tihɑi pizzɑ kʰɑe,mə̃ ʈenɑ hĩsɑj dənɑ kʰɑ̃ɽɑ pizzɑ nuɽələ̃,ɑmɪ pɪd̪zɑ tər t̪ɪn bʰɑɡer d̪o bʰɑɡ kʰejec25ʰɪ,moɪ tɪnɪbʰɑɡor dʊbʰaɡ pɪzɑ: kʰɑlʊ,mhu do bʰɑɡ me su pɪzzɑ kʰɑjɑ,mɛ̃ pɪzzɑ d̪ɑ d̪o t̪ɪhɑɪ hɪssɑ kʰɑd̪d̪ɑ,mu pɪzzɑ rə d̪uɪ t̪rut̪ɪyɑ̃nšɑ kʰɑɪlɪ,-,-,mɛ  t̪roɳ mɑ:t̪ʰɪ be bʰɑɡno pɪzzɑ kʰɑd̪o,ɑu d̪o t̪ɪhɑɪ pɪzzɑ kʰɑd̪o,-,moj̃ dui tihɑi pizzɑ kʰɑe lelu,-,həm pizzɑ ke du tihɑi bʰɑɡ kʰɑ lelijəu,-,mõj dui tihɑi pizzɑ kʰɑlo,ɑmi fiʈzɑr t̪in bɑɡ-or d̪ui bɑɡ xɑisi,mɛne do tihɑi hissɑ piʈsɑ kʰɑjɑ,-,həme do tihɑi pizzɑ kʰɑi lelijo,-
,I read 3/4 of the book.,-,-,mel kitɑbɑ ɡo tin čɔtʰɑi bʰɑɡ pəiɖɑl,mɛne tin čotʰɑi pəɽʰe hɛ,-,-,mɛle tin tʃotʰɑi kitɑb pəɖʰe,mə̃ pətʰi kər čɑrɑ hĩsɑj ʈenɑ hĩsɑ pəɖʰi lelə̃,ɑmɪ boɪ tər čɑr bʰɑɡer t̪ɪn bʰɑɡ poɽʰečʰɪ,moɪ kɪtɑ:pkʰɒnɒr sɑrɪbʰɑɡor tɪnɪbʰɑɡ hɛ porhɪsʊ,mhu čɑr mese t̪ɪn pədʰɪ,mɛ̃ kɪt̪ɑb d̪ɑ t̪ɪn čot̪ʰɑɪ  hɪssɑ pəɖʰ lejɑ,mu bəhɪ rə t̪ɪnɪ čət̪urt̪ʰɑ̃nšɑ pədʰilɪ,-,-,mɛ čɑr mɑ:t̪ʰɪ t̪ron bʰɑɡnɪ čɔprɪ ʋɑ̃čɪ,ɑu kɪt̪ɑb ǰo ʈɪo hɪsso pəɖʰɪ rəkʰɪjo ɑhe,-,moj̃ i: kitɑb kər tin čɔtʰɑi bʰɑɡ pəɖʰ lelu,-,həm kitɑb ke tin čɔtʰɑi bʰɑɡ pəɖʰ lelijəu,-,mõj kitɑb ker tin cotʰɑi bʰɑɡ pəɖʰlo,ɑmi boir sɑir bɑɡ-or t̪in bɑɡ forsi,mɛne is kitɑb kɑ tin tʃutʰɑi hissɑ pəɽʰ liɑ hɛ,-,həme kitɑb kər tin čɔtʰɑi bʰɑɡ pəɽʰ le lijo,-
,I read 1/4 of the book.,-,mɛ poɳi kitɑb pəɖi  čuki dɛ,mel kitɑbɑ ɡo čɔtʰɑ hissɑ pəiɖɑl,mɛne ek čotʰɑi pəɽʰe hɛ,-,-,mɛle jo kitɑb ko ek tʃotʰɑi hissɑ pəɖʰe,-,ɑmɪ boɪ tər čɑr bʰɑɡer æk bʰɑɡ poɽʰečʰɪ,moɪ kɪtɑ:pkʰɒnɒr sɑrɪbʰɑɡor ɛbʰɑɡ hɛ porhɪsʊ,mhu ek čoʈʰɑɪ kɪtɑb pɑdʰɪ,mɛ̃ kɪt̪ɑb d̪ɑ čɔt̪ʰɑ  hɪssɑ pəɖʰ lejɑ,mu bəhɪ rə ekə čət̪urt̪ʰɑ̃nšɑ pədʰilɪ,me pur kitɑb hund tʃurjəm hissə,-,mɛ cɔt̪ʰo bʰɑɡnɪ čɔprɪ ʋɑ̃čɪ,ɑu kɪt̪ɑb ǰo di tihɑi pəɖʰɪ rəkʰɪjo ɑhe,-,moj̃ ek čɔtʰɑi bʰɑɡ kitɑb pəɖʰ lelu,-,həm kitɑb ke ek čɔtʰɑi bʰɑɡ pəɖʰ lelijəu,-,mõj kitɑb ker ek cotʰɑi bʰɑɡ pəɖʰlo,ɑmi boir sɑir bɑɡ-or æx bɑɡ forsi,mɛne is kitɑb kɑ ɑek tʃutʰɑi hissɑ pəɽʰ liɑ hɛ,-,həme kitɑb kər ek čɔtʰɑi bʰɑɡ pəɽʰ le lijo,-
,I ate 1/5 of the Pizza.,-,-,-,-,-,-,mɛle pizzɑ kɑ pɑ̃tʃõ hissɑ/bʰɑɡ kʰɑe,-,ɑmɪ pɪd̪zɑ tər pɑ̃č bʰɑɡer æk bʰɑɡkʰeječʰɪ,moɪ pɑ:sbʰɑɡor ɛbʰɑ:ɡ pɪzɑ: hɛ kʰɑɪsʊ,mhu pɑ:nč bʰɑɡɑ mesu ek bʰɑɡ  pɪzzɑ kʰɑjɑ,mɛ̃ pɪzzɑ d̪ɑ pənǰʋɑ̃ hɪssɑ kʰɑd̪d̪ɑ,mu pɪzzɑ rə ekə penčəmɑ̃nšɑ kʰɑɪlɪ,me kʰjəu pizzɑ putʃjəm hissə,-,mɛ  pɑ̃cma bʰɑɡno pɪzzɑ kʰɑd̪o,ɑu pɪzzɑ ǰo pənǰo hɪsso kʰɑɪ rəkʰɪjo ɑhe,-,moj̃ pəčʋɑ bʰɑɡ kər pizzɑ kʰɑe lelu,-,həm pizzɑ ke ek bəʈe pɑ̃č bʰɑɡ kʰɑ lelijəu,-,mõj pizzɑ ker pəcʋɑ̃ bʰɑɡ kʰɑlo,ɑmi fiʈzɑr fɑs bɑɡ-or æx bɑɡ xɑisi,mɛne is kitɑb kɑ ɑek pɑcʋɑ hissɑ pəɽʰ liɑ hɛ,-,həme kitɑb kər ek pɑ̃čʋɑ bʰɑɡ pəɽʰ le lijo,-
,I read 2/7 of the book.,-,-,mel kitɑbɑ ɡo dui bəʈe sɑt bʰɑɡ pəiɖɑl,-,-,-,-,-,ɑmɪ boɪ tər šɑt̪ bʰɑɡer d̪uɪ bʰɑɡ poɽʰečʰɪ,moɪ kɪtɑ:pkʰɒnɒr hɑ:tbʰɑɡor dʊbʰɑɡ hɛ porhɪsʊ,mhu sɑ:t bʰɑɡɑ mesu ðɔ bʰɑɡ kɪtɑb pɑdʰɪ,mɛ̃ kɪt̪ɑb d̪ɑ d̪o bətɑ sɑt̪t̪ hɪssɑ pəɖʰ lejɑ,mu bəhɪ rə d̪uɪ səpt̪əmɑ̃nšɑ pədʰilɪ,-,-,mɛ sɑt̪ mɑ:t̪ʰɪ bɛ bʰɑɡnɪ čɔprɪ ʋɑ̃čɪ,ɑu kɪt̪ɑb ǰo d̪o bətɑ sɑt̪ hɪsso pəɖʰɪ rəkʰɪjo ɑhe,-,-,-,həm kitɑb ke du bəʈe sɑt bʰɑɡ pəɖʰ lelijəu,-,mõj kitɑb ker dui bəʈɑ sɑt bʰɑɡ pəɖʰlo,ɑmi boir ʃɑt̪ bɑɡ-or d̪ui bɑɡ forsi,mɛne is kitɑb kɑ do bəʈɑ sɑtʋɑ̃ hissɑ pəɽʰ liɑ hɛ,-,həme kitɑb kər dui sɑtʋɑ̃ bʰɑɡ pəɽʰ le lijo,-
,I read 3/7 of the book.,-,-,mel kitɑbɑ ɡo tin bəʈe sɑt bʰɑɡ pəiɖɑl,-,-,-,-,-,ɑmɪ boɪ tər šɑt̪ bʰɑɡer t̪ɪn bʰɑɡ poɽʰečʰɪ,moɪ kɪtɑ:pkʰɒnɒr hɑ:tbʰɑɡor tɪnɪbʰɑɡ hɛ porhɪsʊ,mhu sɑ:t bʰɑɡɑ mesu tɪn bʰɑɡ kɪtɑb pɑdʰɪ,mɛ̃ kɪt̪ɑb d̪ɑ t̪ɪn bətɑ sɑt̪t̪  hɪssɑ pəɖʰ lejɑ,mu bəhɪ rə t̪ɪnɪ səpt̪əmɑ̃nšɑ pədʰilɪ,-,-,mɛ sɑt̪ mɑ:t̪ʰɪ t̪roǰɑ bʰɑɡnɪ čɔprɪ ʋɑ̃čɪ,ɑu kɪt̪ɑb ǰo t̪ɪn bətɑ sɑt̪ hɪsso pəɖʰɪ rəkʰɪjo ɑhe,-,-,-,həm kitɑb ke tin bəʈe sɑt bʰɑɡ pəɖʰ lelijəu,-,mõj kitɑb ker tin bəʈɑ sɑt bʰɑɡ pəɖʰlo,ɑmi boir ʃɑt̪ bɑɡ-or t̪in bɑɡ forsi,mɛne is kitɑb kɑ tin bəʈɑ sɑtʋɑ̃ hissɑ pəɽʰ liɑ hɛ,-,həme kitɑb kər tin sɑtʋɑ̃ bʰɑɡ pəɽʰ le lijo,-
,I read 3/5 of the book.,-,-,mel kitɑbɑ ɡo tin bəʈe pɑ̃č bʰɑɡ pəiɖɑl,-,-,-,-,-,ɑmɪ boɪ tər pɑ̃č bʰɑɡer t̪ɪn bʰɑɡ poɽʰečʰɪ,moɪ kɪtɑ:pkʰɒnɒr pɑ:sbʰɑɡor tɪnɪbʰɑɡ hɛ porhɪsʊ,mhu pɑ:nč bʰɑɡɑ mesu tɪn bʰɑɡ kɪtɑb pɑdʰɪ,mɛ̃ kɪt̪ɑb d̪ɑ t̪ɪn bətɑ pənǰ hɪssɑ pəɖʰ lejɑ,mu bəhɪ rə t̪ɪnɪ pənčəmɑ̃nšɑ pədʰilɪ,-,-,mɛ pɑ̃nč̪ mɑ:t̪ʰɪ t̪rɪǰɑ bʰɑɡnɪ čɔprɪ ʋɑ̃čɪ,ɑu kɪt̪ɑb ǰo d̪o bətɑ čʰe̪ hɪsso pəɖʰɪ rəkʰɪjo ɑhe,-,-,-,həm kitɑb ke tin bəʈe pɑ̃č bʰɑɡ pəɖʰ lelijəu,-,mõj kitɑb ker tin bəʈɑ pɑ̃c bʰɑɡ pəɖʰlo,ɑmi boir fɑs bɑɡ-or t̪in bɑɡ forsi,mɛne is kitɑb kɑ tin bəʈɑ pɑtʃʋɑ̃ hissɑ pəɽʰ liɑ hɛ,-,həme kitɑb kər tin pɑ̃čʋɑ̃ bʰɑɡ pəɽʰ le lijo,-
,I  ate 2/6 of the Pizza.,-,-,mel pizzɑ ko dui bəʈe čʰe bʰɑɡ kʰjɑl,-,-,-,-,-,ɑmɪ pɪd̪zɑ tər čʰɔe bʰɑɡer d̪uɪ bʰɑɡ kʰeječʰɪ,moɪ sɒbʰɑɡor tɪnɪbʰɑɡ pɪzɑ: hɛ kʰɑ:lʊ,mhu ek tɪhɑɪ pɪzzɑ kʰɑjɑ,mɛ̃ pɪzzɑ d̪ɑ tdo bətɑ čʰe hɪssɑ kʰɑd̪d̪ɑ,mu pɪzzɑ rə d̪uɪ sət̪ɑ̃nšɑ kʰɑɪlɪ,-,-,mɛ  čʰɔ mɑ:t̪ʰɪ bɛ bʰɑɡno pɪzzɑ kʰɑd̪o,ɑu pɪzzɑ ǰo d̪o bətɑ čʰe hɪsso kʰɑɪ rəkʰɪjo ɑhe,-,-,-,həm pizzɑ ke du bəʈe čʰɔ bʰɑɡ kʰɑ lelijəu,-,mõj pizzɑ ker dui bəʈɑ čʰe bʰɑɡ kʰɑlo,ɑmi fiʈzɑr sɔe bɑɡ-or d̪ui bɑɡ xɑisi,mɛne piʈsɑ kɑ do bəʈɑ tʃʰɑʈɑ hissɑ kʰɑ liɑ hɛ,-,həme du ʃolʋɑ pizzɑ kʰɑi lelijo,-
,I ate 1/16 of the pizza.,-,-,mel pizzɑ ko ek sol čʰe bʰɑɡ kʰjɑl,-,əkʰ bəʈɑ solɑ,-,mɛle pizzɑ kɑ ʃoro hissɑ/bʰɑɡ kʰɑe,-,ɑmɪ pɪd̪zɑ tər šolo bʰɑɡer æk bʰɑɡ kʰeječʰɪ,moɪ hʊllɒ bʰɑɡor ɛbʰɑɡ pɪzɑ: hɛ kʰɑ:lʊ,mhu soləro bʰɑɡɑ mese ek bʰɑa  pɪzzo kʰɑjɑ,mɛ̃ pɪzzɑ d̪ɑ soləhʋɑ̃ hɪssɑ kʰɑd̪d̪ɑ,mu pɪzzɑ rə ekə səsʈʰəd̪əsɑ̃nšɑ kʰɑɪlɪ,me kʰjəu pizzɑ surrəhim hissə,-,mɛ  soɭmɑ bʰɑɡno pɪzzɑ kʰɑd̪o,ɑu pɪzzɑ ǰo ʃoro hɪsso kʰɑɪ rəkʰɪjo ɑhe,-,moj̃ soləhʋɑ bʰɑɡ pizzɑ kʰɑe lelu,-,həm pizzɑ ke ek bəʈe solɑ bʰɑɡ kʰɑ lelijəu,-,mõj pizzɑ ker solʋɑ̃ bʰɑɡ kʰɑlo,ɑmi fiʈzɑr ʃullo bɑɡ-or æx bɑɡ xɑisi,mɛne piʈsɑ kɑ ɑek bəʈɑ solʋɑ̃ hissɑ kʰɑ liɑ hɛ,-,həme ek ʃolʋɑ pizzɑ kʰɑi lelijo,-
,I read 1/10 part of the book.,-,mɛ i kitɑb dɑ dəsmɑ hissɑ pəɖi čuki dɛ,mel kitɑbɑ ɡo ek bəʈe dəs bʰɑɡ pəiɖɑl,mɛl kitɑbɑ dəsu bʰɑɡ pəɽʰe hɛ,əkʰ bəʈɑ dəs,-,mɛle jo kitɑb ko dəsʋõ bʰɑɡ pəɖʰe,mə̃ pətʰi kər sĩhəm kʰɑ̃ndʰɑ pəɖʰələ̃,ɑmɪ boɪ tər d̪ɔš bʰɑɡer æk bʰɑɡ poɽʰečʰɪ,moɪ kɪtɑ:pkʰɒnɒr dhɒbʰɑɡor ɛbʰɑɡ hɛ porhɪsʊ,mhu dəsvo bʰɑɡɑ kɪtɑb pɑdʰɪ,mɛ̃ kɪt̪ɑb d̪ɑ d̪əsʋɑ̃ hɪssɑ pəɖʰ lejɑ,mu bəhɪ rə ekə d̪əsəmɑ̃nšɑ pədʰilɪ,me pur kitɑb hund dəhjəm hissə,-,mɛ d̪əsmɑ bʰɑɡnɪ čɔprɪ ʋɑ̃čɪ,ɑu kɪt̪ɑb ǰo ɖəʋo hɪsso pəɖʰɪ rəkʰɪjo ɑhe,-,moj̃ dəsʋɑ bʰɑɡ kitɑb pəɖʰ lelu,-,həm kitɑb ke ek bəʈe dəs  bʰɑɡ pəɖʰ lelijəu,-,mõj kitɑb ker dəsʋɑ̃ bʰɑɡ pəɖʰlo,ɑmi boir d̪ɔʃ bɑɡ-or æx bɑɡ forsi,mɛne is kitɑb kɑ ɑek bəʈɑ dəsʋɑ̃ hissɑ pəɽʰ liɑ hɛ,-,həme kitɑb kər  dəsʋɑ' bʰɑɡ pəɽʰ le lijo,-
,,,,,,,,,,,,,,,,,,,,,,,,,,,,,
,Multiplicatives,,,,,,,,,,,,,,,,,,,,,,,,,,,,
,I met him once.,həũ tei səŋɡɛ ek ɡʰere mili,mɛ ussi ɛk bɑr milijɑ,mi ʋe se ek bɑr mil,mɛ use ek bɑr mili,əũ teste ek ʋɑri milu tʰu,hɑ̃v t̪ɑkɑ ekdɑ̃ meɭɪllɛ̃,mɛle uslɑi/uhɑlɑi ek čoʈi/pəʈʰək beʈʰeɡo  tʰe,mə̃ əkər sə̃ŋe ənɑ dʰɑũ bʰẽʈɑl,ɑ:mɪ or šɑt̪ʰe æk bɑ:r d̪ækʰɑ korečʰɪ,mɑɪ tɑ:k ɛbɑ:r loɡ pɑ:sʊ,mhu bɪsu ekər mɪləjo,mɛ̃ usɳu ɪkk ʋɑrɪ mɪljɑ,mu t̪ɑku t̪ʰəre pɑɪ bʰeʈɪlɪ,bə sɑmkʰʋojəs t̪əmɪs əkɪjəlɑɪʈjə/əɪkɪfɪre,mɪ t̪ɑlɑ ekd̪ɑ bʰeʈle,hũ t̪ɛne ek ʋɑr məɽjo čʰu,ɑu unkʰɑ ɪkk d̪əfɑ mɪlɪjo əjɑ,me ussi ek ʋɑri miljɑ sɑ,moĩ ukər se ek dʰɑũ mil hõ,mu ene ek ʋəkət məljõ,həm okrɑ se ek bɑr millijəu hə,əhəm ek ʋɑrəm təm militʋɑn,moj̃ ukər səŋɡe ek bɑr mil-lo,ɑmɑr t̪ɑr lɔɡe æx bɑr d̪ɛxɑ oise,me ɑek dəfɑ us se milɑ hũ,mə̃j hunke/hunmən ke ek hɑr bʰeʈu rəle,həm okər se ek bɑir milil je,mor uʋɑr sɑtʰe ɛk bɑr dekʰɑ
,I met him twice.,həũ tei səŋɡɛ dui ɡʰere mili,mɛ ussi do bɑr milijɑ,mi ʋe se dosər bɑr mil,mɛ use do bɑr mili,əũ teste do ʋɑri milu tʰu,hɑ̃v t̪ɑkɑ d̪ɔnd̪ɑ̃ meɭɪlɛ̃,mɛle uhɑlɑi dui čoʈi beʈʰeɡo čʰõ,mə̃ əkər sə̃ŋe dənɑ dʰɑũ bʰẽʈɑl,ɑ:mɪ or šɑt̪ʰe d̪u bɑ:r d̪ækʰɑ korečʰɪ,mɑɪ tɑ:k dʊ bɑ:r loɡ pɑ:sʊ,mhu bɪsu do bar mɪləjo,mɛ̃ usɳu d̪o ʋɑrɪ mɪljɑ,mu t̪ɑku d̪ɪ t̪ʰəre pɑɪ bʰeʈɪlɪ,bə sɑmkʰʋojəs t̪əmɪs d̪ʋɑɪlɑɪʈjə/ d̪ʋɑɪfɪre,mɪ t̪ɑlɑ d̪ond̪ɑ bʰeʈle,hũ t̪ɛne be ʋɑr məɽjo čʰu,ɑu unkʰɑ bə d̪əfɑ mɪlɪjo əjɑ,me ussi do ʋɑri miljɑ,moĩ ukər se du dʰɑũ mil hõ,mu ene be ʋəkət məljõ,həm okrɑ se du bɑr millijəu hə,əhəm dʋi ʋɑrəm təm militʋɑn,moj̃ ukər səŋɡe dui bɑr mil-lo,ɑmɑr t̪ɑr lɔɡe d̪ui bɑr d̪ɛxɑ oise,me do dəfɑ us se milɑ hũ,mə̃j hunke/hunmən ke duj hɑr bʰeʈu rəle,həm okər se du bɑir milil je,mor uʋɑr sɑtʰe dui bɑr dekʰɑ
,I met him thrice.,həũ tei səŋɡɛ trɑi ɡʰere mili,mɛ ussi trɛ bɑr milijɑ,mi ʋe se tesɑr bɑr mil,mɛ use tin bɑr mili,əũ teste trɛ ʋɑri milu tʰu,hɑ̃v t̪ɑkɑ t̪ɪnd̪ɑ̃ meɭɪllɛ̃,mɛle uhɑlɑi tin čoʈi beʈʰeɡo čʰõ,mə̃ əkər sə̃ŋe ʈenɑ dʰɑũ bʰẽʈɑl,ɑ:mɪ or šɑt̪ʰe t̪i:n bɑ:r d̪ækʰɑ korečʰɪ,mɑɪ tɑ:k tɪnɪ bɑ:r loɡ pɑ:sʊ,mhu bɪsu tɪsər mɪləjo,mɛ̃ usɳu t̪ɪnn ʋɑrɪ mɪljɑ,mu t̪ɑku t̪ɪnɪ t̪ʰəre pɑɪ bʰeʈɪlɪ,bə sɑmkʰʋojəs t̪əmɪs t̪reɪjelɑɪʈjə/t̪reɪfɪre,mɪ t̪ɑlɑ t̪ɪnd̪ɑ bʰeʈle,hũ t̪ɛne t̪roɳ ʋɑr məɽjo čʰu,ɑu unkʰɑ ʈre d̪əfɑ mɪlɪjo əjɑ,me ussi trɛ ʋɑri miljɑ,moĩ ukər se tin dʰɑũ mil hõ,mu ene təɳ ʋəkət məljõ,həm okrɑ se tin bɑr millijəu hə,əhəm tri ʋɑrəm təm militʋɑn,moj̃ ukər səŋɡe tin bɑr mil-lo,ɑmɑr t̪ɑr lɔɡe t̪in bɑr d̪ɛxɑ oise,me tin dəfɑ us se milɑ hũ,mə̃j hunke/hunmən ke tin hɑr bʰeʈu rəle,həm okər se tin bɑir milil je,mor uʋɑr sɑtʰe tin bɑr dekʰɑ
,I met him forth time.,həũ tei səŋɡɛ tʃɑr ɡʰere mili,mɛ ussi čotʰi bɑr milijɑ,mi ʋe se čɔtʰ bɑr mil,mɛ use čɑr bɑr mili,əũ teste čɑr ʋɑri milu tʰu,hɑ̃v t̪ɑkɑ t͡səvtɛ fɑvtɪ̃ meɭɪllɛ̃,mɛle uhɑlɑi tʃɔtʰõ pəʈək/čoʈi beʈʰe,mə̃ əkər sə̃ŋe čɑrɑ dʰɑũ bʰẽʈɑl,ɑ:mɪ or šɑt̪ʰe čot̪urt̪ʰo bɑ:r d̪ækʰɑ korləm,mɑɪ tɑ:k sɑ:rɪ nɒmbɒr loɡ pɑ:sʊ,mhu bɪsu čoʈʰɪ bar mɪləjo,mɛ̃ usɳu čɔʈʰɪ ʋɑrɪ mɪljɑ,mu t̪ɑku čɑrɪ t̪ʰəre pɑɪ bʰeʈɪlɪ,bə sɑmkʰʋojəs t̪əmɪs tʃurjəmlɑɪʈjə/ tʃurjəmfire,mɪ t̪ɑlɑ čəʊt̪ʰjɑnd̪ɑ bʰeʈle,hũ t̪ɛne čɑr ʋɑr məɽjo čʰu,ɑu unkʰɑ čot̪ʰe d̪əfɑ mɪlɪjo əjɑ,me ussi  čotʰi ʋɑri miljɑ,moĩ ukər se čɑir dʰɑũ mil hõ,mu ene ʃɑr ʋəkət məljõ,həm okrɑ se čəutʰɑ bɑr millijəu,əhəm təm čəturtʰe (ʋɑre) militʋɑn,moj̃ ukər səŋɡe cɑir bɑr mil-lo,ɑmɑr t̪ɑr lɔɡe sɑir bɑr d̪ɛxɑ oise,me tʃɑr dəfɑ us se milɑ hũ,mə̃j hunke/hunmən ke čəʋtʰɑ hɑr bʰeʈu rəle,həm okər se čɑir bɑir milil je,mor uʋɑr sɑtʰe čɑr bɑr dekʰɑ
,I called her nine times.,mɛ sɔ nəu ɡʰere ʃɑdu,mɛ ussi nɔ bɑr səddi/bulɑi čukɛ de,mil ʋetʰei nɔ bɑr bulɑjɑ,mɛl uɡe nɔ bɑr bulɑ,me tese nɔ ʋɑri šəduɑ,hɑvɛ̃ t̪ɑkɑ ɳəv fɑvtɪ̃ ɑpəjllɛ̃,mɛle uhɑlɑi nɔ čoʈi bulɑje,mə̃ əke nəmi dʰɑũ ɖɑklẽj,ɑ:mɪ oke nɔ bɑ:r ɖɑkləm,moɪ tɑ:k nɒbɑ:r mɑtɪsʊ,mhu bɪnɛ nɔ: bɑ:r helo,mɛ̃ usnu nɔ ʋɑrɪ bulɑjɑ,mu t̪ɑku nə t̪ʰəre pɑɪ ɖɑkilɪ,-,mɪ t̪ɪlɑ nəu ʋəɖəs buləʊle,mɛ t̪ɛne nəʊ ʋɑr boɭɑʋɪ,ɑu unkʰɑ nəʋ d̪əfɑ səɖɖ kəjo,me ussi nəu ʋɑri bulɑjɑ,moĩ oke nɔ dʰɑũ bulɑ hõ,mu ene nɔʋ ʋəkʰət fon kərjo,həm okrɑ nɔ bɑr pʰon kəilijəu,əhəm tɑm nəʋʋɑrəm ɑhutʋɑn,moj̃ uke no bɑr ɖɑkɑlo,ɑmi t̪ɑire noɛ bɑr fon korsi,mɛne use nɔ dəfɑ bulɑjɑ,mə̃j hunke nəʋ hɑr bʰeʈu rəle,həme okrɑ nɔ bɑir ɖɑklije,mui uʋɑk noe bɑr ɖɑkɑ čuŋ
,I called him twenty five times.,mɛ sɔ pəčči ɡʰere ʃɑdu,mɛ ussi  pənǰi bɑri səddi/bulɑi čukɛ de,mil ʋetʰei pəččis bɑr bulɑjɑ,mɛl uɡe pəččis bɑr bulɑ,me tese pənǰi ʋɑri šəduɑ,hɑvɛ̃ t̪ɑkɑ pə̃cvɪs fɑvtɪ̃ ɑpəjllɔ,mɛle uhɑlɑi pəccis čoʈi bulɑje,mə̃ əke kuɽi mɑčɑ dʰɑũ ɖɑklẽj,ɑ:mɪ oke põnčiš bɑ:r ɖɑkləm,moɪ tɑ:k posɪs bɑ:r mɑtɪsʊ,mhu bɪnɛ pəčɪ:s bɑ:r helo,mɛ̃ usnu pəččɪ ʋɑrɪ bulɑjɑ,mu t̪ɑku pənčəʋɪnsə t̪ʰəre pɑɪ ɖɑkilɪ,bə sɑmkʰʋojəs t̪əmɪs pũtʃlɑɪʈje/ pũtʃjəmfire,mɪ t̪jɑlɑ pənčʋɪ  ʋəɖəs buləʊle,mɛ t̪ɛne pəččɪsʋɪ ʋɑr boɭɑʋjo,ɑu unkʰɑ pənǰʋɪ d̪əfɑ səɖɖ kəjo,me ussi pənǰi ʋɑri bulɑjɑ,moĩ oke pəččis dʰɑũ bulɑ hõ,mu ene pəsi ʋəkʰət fon kərjo,həm okrɑ pəččis bɑr pʰon kəilijəu,əhəm təm pə̃nčʋĩnʃətiʋɑrəm ɑhutʋɑn,moj̃ uke pəccis bɑr ɖɑkɑlo,ɑmi t̪ɑre fociʃ bɑr fon korsi,mɛne use pətʃis dəfɑ bulɑjɑ,mə̃j hunke pəččis/ek koɽi pɑ̃č hɑr bʰeʈu rəle,həme okrɑ pəccis bɑir ɖɑklije,mui uʋɑk poččis bɑr ɖɑkɑ čuŋ
,I called her fifteen times.,mɛ sɔ pəndrɑ ɡʰere ʃɑdu,mɛ ussi pəndrɑ bɑri səddi/bulɑi čukɛ de,mil ʋetʰei pəndrɑ bɑr bulɑjɑ,mɛl uɡe pəndrɑ bɑr bulɑ,me tese pəndrɑ ʋɑri šəduɑ,hɑvɛ̃ t̪ɑkɑ pə̃d̪rɑ fɑvtɪ̃ ɑpəjllɔ,mɛle uhɑlɑi pəndrɑ čoʈi bulɑje,mə̃ əke mɑčɑrə̃ dʰɑũ ɖɑklẽj,ɑ:mɪ oke ponerǒ bɑ:r ɖɑkləm,moɪ tɑ:k pʊndʰɒrɒ bɑ:r mɑtɪsʊ,mhu bɪnɛ pəndrɑ bɑ:r helo,mɛ̃ usnu pənd̪rɑ̃ ʋɑrɪ bulɑjɑ,mu t̪ɑku pənd̪ərə t̪ʰəre pɑɪ ɖɑkilɪ,mje kor t̪emɪs pənd̪əhlɑɪʈje əllɑu,mɪ t̪ɪlɑ pənd̪rɑ ʋəɖəs buləʊle,mɛ t̪ɛne pənd̪ər ʋɑr boɭɑʋjo,ɑu unkʰɑ pənd̪rəh d̪əfɑ səɖɖ kəjo,me ussi pəndrɑ ʋɑri bulɑjɑ,moĩ oke pəndrɑ dʰɑũ bulɑ hõ,mu ene pəndrɑ ʋəkʰət fon kərjo,həm okrɑ pəndrɑ bɑr pʰon kəilijəu,əhəm tɑm pə̃nčdəʃʋɑrəm ɑhutʋɑn,moj̃ uke pəndro bɑr ɖɑkɑlo,ɑmi t̪ɑire fonro bɑr fon korsi,mɛne use pəndʰrɑ̃ dəfɑ bulɑjɑ,mə̃j hunke pəndrɑ hɑr bʰeʈu rəle,həme okrɑ pəndrɑ bɑir ɖɑklije,mui uʋɑk ponoro bɑr ɖɑkɑ čuŋ
,,,,,,,,,,,,,,,,,,,,,,,,,,,,,
,Restrictives,,,,,,,,,,,,,,,,,,,,,,,,,,,,
,Only/ One,bəs ek,bəs ekko,sirf ek,sirf ek,čʰəɽɑ ək,fəkət̪ ek,keʋəl ek,kʰɑli ənɑ,kebol mɑtro ɛk-ʈɑ/ɛk-ǰon/ɛk-mɑtro/mɑtro/kebol/kʰɑli/ɛk-kʰɑnɑ,kʰɑli eʈɑ,bəs ek,sirf ik,tʰəre ɡuʈɛ,sirf əkʰ,fəktə ek,fəft ek,ruɡo ik,sirf ek,sirif eɡo,ekəs,kʰɑli/sirf ek,keʋləm ekəm,əbɡɑ ekʈɑ,mɑt̪ro æxʈɑ,sirf ɑek,ɡoʈki či,sirf ek,ɛk-lɑe/ kɛbol ɛk
,Only two,bəs dui,bəs do,sirf dui,sirf di,čʰəɽe do,fəkət̪ d̪on,keʋəl dui,kʰɑli dənɑ,dui-mɑtro,kʰɑli duʈɑ,bəs do,sirf do,mɑtrə dui-ʈɑ/ǰuɖe,sirf žə,fəktə don,fəft be,ruɡo bə,sirf do,sirif duiɡo,bes,kʰɑli du,keʋle dʋe,əbɡɑ duʈɑ,mɑt̪ro duiʈɑ,sirf do,duʈʰɑn či,sirf du,kʰɑli/kɛbol dui
,Only three,bəs trɑi,bəs trɛ,sirf tin,sirf tin,čʰəɽe trɛ,fəkət̪ t̪ɪn,keʋəl tin,kʰɑli ʈenɑ,kebol mɑtro tin-ʈe,kʰɑli tinʈɑ,bəs tin,sirf tinn,mɑtrə tin-ʈɑ,sirf treh,fəktə tin,fəft troɳ,ruɡo ʈre,sirf trɛ,sirif tinɡo,pʰəkət təɳ,kʰɑli tin,keʋlɑni triɳi,əbɡɑ tinʈɑ,mɑtro tinʈɑ,sirf tin,tin ʈʰən či,sirf tin,kʰɑli/kɛbol tin
,Only five,bəs tʃɑr,bəs pənǰ,sirf pɑ̃č,sirf pɑ̃č,čʰəɽe pənǰ,fəkət̪ pɑ̃t͡s,keʋəl pɑ̃tʃ,kʰɑli mɑčɑ,kebol mɑtro čɑr-ʈe,kʰɑli pɑsʈɑ,bəs tʃɑr,sirf pənǰ,mɑtrə pɑ̃č-ʈɑ,sirf pɑ̃tʃ,fəktə pats,fəft pɑ̃č,ruɡo pənǰ,sirf pənǰ,sirif čɑirɡo,pʰəkət pɑs,kʰɑli pɑč,keʋləm pə̃nč,əbɡɑ pɑ̃tʃʈɑ,mɑtro fɑsʈɑ,sirf pɑ̃tʃ,pɑ̃č ʈʰən či,sirf čɑir,kʰɑli/kɛbol pɑč
,Only ten,bəs põǰ,bəs dəs,sirf dəs,sirf dəs,čʰəɽe dəs,fəkət̪ dʰɑ,keʋəl dəs,kʰɑli sihəm,kebol mɑtro pɑ̃č-ʈɑ,kʰɑli dosʈɑ,bəs pɑ̃č,sirf dəs,mɑtrə dəs-ʈɑ,sirf dəh,fəktə dəha,fəft dəs,ruɡo ɖə,sirf dəs,sirif pɑčɡo,pʰəkət dəs,kʰɑli dəs,keʋləm dəʃ,əbɡɑ dəsʈɑ,mɑtro dɔʃʈɑ,sirf dəs,dəs ʈʰən či,sirf pɑ̃č,kʰɑli/kɛbol dɔs
,There is only one child,ɔkʰe tɑ bəs ek-kɛ bʰɑu/bʰĩɖ sɑ,ittʰe ekko bəččɑ ɛ,jəkʰ keʋəl ek bəččɑ čə,ijɑ sirf ek nɑn čʰu,iʈʰi sirf/čʰəɽe ək čʰokro,fəkət̪ ekut͡s bʰurəɡɛ̃ ɑsɑ,tejɑ̃ keʋəl eoʈɑ mɑtrəi bəccɑ čʰə,hĩɑ kʰɑli ənɑʈɑ čʰuɑ ɑhe,kebol mɑtro ɛk-ʈɑ bɑččɑ ɑčʰe,tɑte kʰɑli eʈɑ bɑtʃɑ ɑse,bəʈʰə bəs ek ʈɑbbər i ɛ,otʰe bəs ek hi bəccɑ ɛ,həne ɡuʈɛ čʰuʋɑ əčʰe,tət čʰɘ əkoi/əkke bəčč,titʰe ekəts mul ahe,tjɑ ekəǰ bɑɭək čʰe,hutte ruɡo ik-ɽo bɑr ɑjə,utʰe sirf ek bəččɑ ɛ,hĩjɑ sirif eɡo čʰəuʋɑ həj,ije sirəf ek soru hɛ,huɑ̃ keʋəl eɡo ləikɑ həi,tətr keʋləh ekəh bɑləh əsti,hiɑ̃ əbɡɑ ekʈɑ čʰuɑ ɑhe,mɑtro æxʈɑ sele ɑse,ʋəhɑ̃ sirf ɑek bətʃɑh hɛ,etʰɑ ɡoʈki pilɑ ɑse,hiɑ̃ sirf ekke ɡo bəččɑ həi,oʈɛ kɛbol ɛk-ʈɑ ʃisu
,He ate only four mangoes,tɛie-tɑ bəs tʃɑr-ɛ  ɑ:m kʰɑe,unne sɑre čɑr əmb kʰɑdde,ʋel keʋəl čɑr ɑm kʰi,u sirf čɑr ɑ:m kʰɛ rɔ,tini čʰəɽe čɑr əmb kʰɑe,t̪ɑɳɛ̃ fəkət̪ cɑr ɑ̃bɛ kʰɑllɛ,ulləi keʋɑl tʃɑroʈɑ ɑp mɑtrəi kʰɑjo,əə̃ kʰɑli čɑrɑ ʈɑ ɑ:m nuɽle ɑhe,o kʰɑli čɑr-ʈe ɑ:m kʰeječʰe,hi kʰɑli šɑriʈɑi ɑ:m kʰɑle,bo kʰɑli čɑr ɑ:m kʰɑjɑ,one čɑr hi əmb kʰɑde,se čɑr-ʈɑ ɑ:m kʰɑjelɑ,em kʰe sirf tʃuʋər/tʃor ɑ:m,tyane fəktə tʃar ambe kʰalle,teɳe fəft čɑr kɛri kʰɑdi,hun ruɡo čɑr əmb kʰɑdɑ,us kʰɑli čɑr əmm kʰɑde,u: sirif čɑirɡo ɑ:m kʰɑlək,ene sirəf ʃɑr kerije kʰɑdi,u kʰɑli čɑr ɡo ɑ:m kʰələi,səh keʋləm čətʋɑri ɑmrəpʰəlɑni kʰɑditʋɑn,u əbɡɑ tʃɑirʈɑ ɑm kʰɑlo,he mɑtro sɑiʈʈɑ ɑm xɑise,usne sirf tʃɑr ɑm kʰɑe,hun čɑreč ʈʰən ɑmɑ kʰɑdlo,u sirf čɑir ɡo ɑm kʰɑe,umɑj kʰɑl čɑir-ʈe ɑ:m kʰɑi če
,,,,,,,,,,,,,,,,,,,,,,,,,,,,,
,Distributives,,,,,,,,,,,,,,,,,,,,,,,,,,,,
,One each,ek-ek,ekko ɡi,ek ek,ek ek səbko,ək ək,prt̪jekɑk ek,prətjek ek/ ek ek,ənɑʈɑ ke,ɛk-ʈɑ - ɛk-ʈɑ kɔre,ɛʈɑ ɛʈɑ/ ɛʈɑ ke soboke,ek ǰəɳənə ek,kəllɑ kəllɑ,ɡuʈɛ ɡuʈɛ səbke,sɑjrnen əkʰ əkʰ,prətyeki ek,ek ek bədɑne,səbʰin kʰẽ hik,ek hər kisei/sɑre ne ek ek,ek ek ɡo səbke,səbne ek,səbke ek ek,prətjekəm,ek ke/ek ek,æx-æxʈɑ,hər ɑek/ ɑek ɑek,ɡoʈək ɡoʈək ne ɡoʈək,ek ek ɡo,ɛkʈɑ ɛkʈɑ
,Three each,dui-dui,tenne ɡi,dui dui,tin tin səbko,trɛ trɛ,prt̪jekɑk t̪ɪn,tin prətjek/tin tin,ʈenɑʈɑ ke,tinʈe-tinʈe kɔre,tiniʈɑ kɛ soboke,ek ǰəɳənə tin,tinne ǰəɳe,tin-tin,sɑjrnen trəh trəh,prətyeki teen,tron tron sɔune/bədɑne,səbʰin kʰẽ ʈre,trɛ ʋəi ek ek,tin tin ɡo səbke,səbne təɳ,səbke tin tin,prətitrin,hərek ke tin/ tin tin,æx-æxɟone tinʈɑ/ tin-tinʈɑ,hər tin/tin tin,ɡoʈək ɡoʈək ne tin/ tin tin,tin tin ɡo,tinʈɑ/ tinʈɑ tinʈɑ
,Five each,põǰ-põǰ,pənǰe ɡi,pɑ̃č pɑ̃č,pɑ̃č pɑ̃č səbko,pənǰ pənǰ,prt̪jekɑk pɑ̃t͡s,pɑ̃tʃ prətjek/ pɑ̃tʃ pɑ̃tʃ,pɑ̃čʈɑ ke,pɑ̃čʈɑ-pɑ̃čʈɑ kɔre,pɑsʈɑ kɛ soboke,ek ǰəɳənə pɑ̃č,pənǰo ǰəɳe,pɑ̃č-pɑ̃č,sɑjrnen pɑ̃tʃ pɑ̃tʃ,prətyeki pats,pɑ̃č pɑ̃č bədɑne,səbʰin kʰẽ pənǰ,pənǰəi ek ek,pɑč pɑč ɡo səbke,səbne pɑs,səbke pɑč pɑč,prətipə̃nč,hərek ke pɑ̃tʃ/pɑ̃tʃ pɑ̃tʃ,æx-æxɟone fɑsʈɑ/ fɑs-fɑsʈɑ,hər pɑ̃tʃ/pɑ̃tʃ pɑ̃tʃ,ɡoʈək ɡoʈək ne pɑ̃c/ pɑ̃c pɑ̃c,pɑ̃č pɑ̃č ɡo,pɑčʈɑ
,one-by-one,ek-ek kərijɑ,ek ek kərije,ek ek kərikə,ek ek kəne,ək ək kəri kəre,ek ek kərun,ek ek ɡərirə,ekek kəri/ənɑ kəri,ɛk ɛk ǰon kɔre/ɛkǰon͏ ɛkǰon kɔre/ ɛk-ʈɑ ɛk-ʈɑ kɔre/ ɛk-kʰɑna ɛk-kʰɑnɑ kɔre,ɛʈɑ ɛʈɑ kɛ,ek ek kər,ek ek kərke,ɡuʈɛ pəre ɡuʈɛ,əkʰ əkʰ kɛrietʰ,ekek,ek pəčʰi ek,hik ɡuɳɑ hik,ek ek kəri,ek ek kəirke,ek pəse ek,ek ek kərke,ekəm-ekəm,ek ek kəirke,æx(ɟon) æxɟon xoriɑ,ɑek ɑek kər ke,ɡoʈək͏ ɡoʈək kərun,ek ek kəirke,ɛk ɛk ǰon/ ɛk ǰon kori
,two-by-two,dui-dui kərijɑ,do do kərije,dui dui kərikə,di di kəne,do do kəri kəre,don bɑj don,dui dui ɡərirə/ duiʈɑ duiʈɑ,dənɑ kəri,dui dui ǰon kɔre,duʈɑ duʈɑ kɛ,do do kər,do do kərke,dui-ʈɑ pəre dui-ʈɑ,žə žə kɛrietʰ,dondon,be pəčʰi be/ be be,bə ɡuɳɑ bə,do do kəri,dui dui kəirke,be pəse be,du du kərke,dʋe-dʋe,dui dui kəirke,dui(ɟon) duiɟon xoriɑ,do do kər ke,duj duj ʈʰən kərun,du du kəirke,dui dui ǰon
,,,,,,,,,,,,,,,,,,,,,,,,,,,,,
,Approximatives,,,,,,,,,,,,,,,,,,,,,,,,,,,,
,Approximately 20 kilos of rice are in the sack.,-,ləɡbəɡ bi kilo čoɭ boriččə pɛ dene ɛ,ləɡbəɡə bis kil bərɑbər čɑul bore me (rəkʰijɑ) čʰe,ləɡbʰəɡ bis kilo čɑur bori me čʰe,bori mənǰ ləɡbəɡ bi kilo čoɭnə,sɑkɑ̃t̪ sumɑr 20 kɪlo t̪ɑ̃d̪uɭ ɑsɑt̪,ǰʰənɖəi bis kilo cɑʋəl bori mə čʰə,bərɑj̃ ɡəʈɑɡəʈi ek kʰə̃ɽi čɑur ɑheik,moʈɑmoʈɪ kurɪ kɪlo čɑ:l eɪ bɔstae ɑ:čʰe,mɒtɑ:motɪ bɪs kɪlo sɑ:ʊl monɑkʰɒnɒt ɑsɛ,koɪ bɪsek  kɪlo čɑvəl mɑjɑ pəɽəjɑ hɛ,ləɡbəɡ ʋɪ kɪlo čɔɭ bore ʋɪčč hən,pɑkʰɑ pɑkʰɪ kuɽɪe kɪlo čɑuɭə borɑ re əčʰɪ,ləɡbəɡ čʰɪjə ʋuh kɪlo t̪omul bohrijə mə̃ǰ,ənd̪ɑže ʋɪs kɪlo t̪ɑnd̪uɽ pot̪jɑ t̪ɑ hɛ,ɑ: koʈʰrɪ mɑ leɡbʰəɡ ʋɪs kɪlo čokʰɑ,ɪn poʈələ me ɡəɳo kəre ʋɪjə kɪro cɑʋər ən,təkribən bi kilo čɑʋəl toɽe ʋič en,moʈɑmoʈi bis kilo čɑur borɑ me həj,ləɡbʰəɡ ʋis kilo sokɑ bori me hɛ,lemsəm bis kilo čɑur bori me həu,prɑjəh ʋĩnʃəti kilo tənɖuləm təsmən sjute əsti,moʈɑmoʈi bis kilo cɑur borɑ mɑhɑn ɑhe,bɔst̪ɑt̪ muʈɑmuʈi biʃ kilo sɑul ɑse,thɛle me təkribən bis kilo tʃɑʋəl hɛ̃,bis kilo əsən čɑur borɑ ne ɑse,moʈɑmoʈi bis kilo čɑur borɑẽ ɑho,-
,Approximately 50% of students are attending the workshop.,-,ləɡbəɡ pəjɑ̃ pərsenʈ bəčče di ɑ̃zri ɛ ʋərkʃɔpəččə,ləɡbəɡə 50% ǰo čʰɑtrɑ če ʋo prətijoɡitɑ me bʰɑ leɳɑ če,-,ləɡbəɡ pejɑ̃ pərsenʈ čʰokro ʋərksɔp əʈend kəru kərde,sumɑr 50% vɪd̪jɑrt̪ɪ hjɑ kɑrjʃɑɭẽt̪ upst̪ɪt̪ ɑsɑt̪,ǰʰənɖəi pəcɑs pərtisət ʋidjɑrtʰi əru ʋərkʃɔp mə bʰɑɡ li rəhi kɑčʰən,ɡəʈɑɡəʈi mɑčen pirtisət čəuɑ ʋərksɔpe ɑ:hɑt,moʈɑmoʈɪ pɔ̃nčɑ:š šɔt̪ɑŋšo čʰɑt̪ro-čʰɑt̪rɪ rɑ eɪ wɔrkšɔpe dʒɑččʰe,mɒtɑ:motɪ pɒnsɑsɟdʒɒn sɑ:trɒ sɑ:trɪɑ kɒrmɒhɑlɑ  kʰɒnɒt upɒst̪ʰɪt̪ ɑsɛ,koɪ pɑččɑ:s pərtɪʃət ʈɑbər ɪ: wərksɔp mɛ ǰɑvɛ,ləɡbəɡ pənǰɑ prət̪ɪsət̪ ʋɪd̪jɑrt̪ʰɪ wərksɔp ləɡɑ rəhe hən,pakʰɑ pɑkʰɪ pəčɑs prət̪ɪsət̪ čʰɑt̪rɑ čʰɑt̪rɪ ʋərksɔpe upəst̪ɪt̪ʰə heʊčʰənt̪ɪ,ləɡbəɡ pəntʃə fɪsəd̪ t̪ɑ:lbɪeləm kərən ʃəmulɪət̪ kɑrkʰɑn nəs,ənd̪ɑže pənd̪əs ʈekke ʋɪd̪jɑrt̪ʰɪ kɑrjɑsɑɭɑ məd̪ʰjɑ ɑhe,ləɡbʰəɡ pəčɑs təkɑ ʋɪd̪jɑrt̪ʰijo wərksɔp bʰɑrɪ rəjɑ čʰe,ɡəɳo kəre pənǰɑ prət̪ɪsət̪ bɑr kɑrjɑsɑlɑ me  əčən pjɑ,təkribən pənǰɑ persenʈ bəččɑ kəmm kərnič hɑdʒir ɛ,moʈɑmoʈi pəčɑs prətisət čʰɑtrə mən kɑrjəsɑlɑ me hissɑ leʋət həj,ləɡbʰəɡ pəsɑ prətisət ʃorɑ ʋərkʃɔp me hissɑ lɛrije,ləmsəm pəčɑs pərtisət ləikɑ/čʰɔrɑ/bəččɑ səb kɑrjəsɑlɑ me bʰɑɡ le rəhəl həu,prɑjəh pə̃nčɑʃət prətiʃət čʰɑtrɑh tɑm kɑrjəʃɑlɑm upstʰɑsjənti,moʈɑmoʈi pəcɑs prətisət pəɖʰuɑ čʰəuɑ ʋərkʃɔp məhɑn bʰɑɡ letəhə̃j,muʈɑmuʈi fɔncɑʃ ʃɔt̪ɑŋʃo sɑt̪rorɑ workshop attend xɔrer,təkribən pɑtʃɑs fisəd ʃɑɡird ʋərkʃop me hissɑ le rahɛe hɛ̃,pəčɑs pərtisət əsən pilɑ mən kɑrjəsɑlɑ me bʰɑɡ dʰərsot,moʈɑmoʈi pəcɑs pərtisət skulijɑ čʰəuɑ ʋərʃɔpe hissɑ le rəhəl hət,-
,Approximately  fifteen kilos of rice are in the sack.,-,ləɡbəɡ pəndrɑ kilo čoɭ boriččə pɛ dene ɛ,ləɡbəɡə pəndrɑ kil bərɑbər čɑul bore me (rəkʰijɑ) čʰe,ləɡbʰəɡ pəndrɑ kilo čɑur bori me čʰe,bori mənǰ ləɡbəɡ pəndrɑ kilo čoɭnə,sɑkɑ̃t̪ sumɑr pə̃d̪rɑ kɪlo t̪ɑ̃d̪uɭ ɑsɑt̪,ǰʰənɖəi pəndrɑ kilo cɑʋəl bori mə čʰə,ɡəʈɑɡəʈi mɑčɑrə kilə čɑur bərɑj̃ ɑheik,moʈɑmoʈɪ ponero kɪlo čɑ:l eɪ bɔstae ɑ:čʰe,mɒtɑ:motɪ pʊndʰɒrɒ kɪlo sɑʊl monɑkʰɒnot ɑsɛ,koɪ pəndrɑ  kɪlo čɑvəl mɑjɑ pəɽəjɑ hɛ,ləɡbəɡ pənd̪rɑ kɪlo čɔɭ bore ʋɪčč hən,pɑkʰɑ pɑkʰɪ pənd̪ərə kɪlo čɑuɭə borɑ re əčʰɪ,ləɡbəɡ čʰɪjə pənd̪əh kɪlo t̪omul bohrɪjə mə̃ǰ,ənd̪ɑže pənd̪rɑ kɪlo t̪ɑnd̪uɽ pot̪jɑ t̪ɑ hɛ,ɑ: koʈʰrɪ mɑ leɡbʰəɡ pənd̪rɑ kɪlo čokʰɑ,ɪn poʈələ me ɡəɳo kəre pənd̪rəh kɪro cɑʋər ən,təkribən pəndrɑ kilo čɑʋəl toɽe ʋič en,moʈɑmoʈi pəndrɑ kilo čɑur borɑ me həj,ləɡbʰəɡ pənnor kilo sokɑ bori me hɛ,lemsəm pəndrɑ kilo čɑur bori me həu,prɑjəh pə̃nčdəs kilo tənɖuləm təsmən sjute əsti,moʈɑmoʈi pəndrɑ kilo cɑur borɑ mɑhɑn ɑhe,bɔst̪ɑt̪ muʈɑmuʈi fonro kilo sɑul ɑse,thɛle me təkribən pəndrɑ kilo tʃɑʋəl hɛ̃,bori me pəndrɑ kilo əsən čɑur ɑse,moʈɑmoʈi pəndrɑ kilo čɑur borɑẽ ɑho,-
,Approximately 2/3rd members are left.,-,-,ləɡbəɡə do tihɑi lokələ dəl čʰor dijɑ,ləɡbʰəɡ di tihɑi sədəsjo dəl čʰorejɑ,ləɡbəɡ do bəʈɑ trɛ membər čʰeɖɖe ɡəje,sumɑr 2/3 səd̪əsj ullɛ̃,ǰʰənɖəi/ǰʰənnəi dui tihɑi sədəsjə rule ɡəičʰəɡe,məʈɑməʈi ʈenɑ hĩsɑj dənɑ hĩsɑ ləke kʰuɽ čʰɑɽi delɑtʰik,-,-,koɪ do bəʈtɑ tɪn loɡ bəččəjɑ hɛ,ləɡbəɡ d̪o t̪ɪhɑɪ səd̪əsjə  ǰɑ čuke hən,pakʰɑ pɑkʰɪ d̪uɪ t̪rut̪ɪjɑ̃nšɑ səd̪əsjə čʰɑɭɪ hoɪ ǰɑɪčʰənt̪ɪ,-,-,ləɡbʰəɡ t̪roɳ mɑ:t̪ʰɪ be bʰɑɡnɑ səbʰjoe čʰoɽɪ d̪ɪd̪u,ɡəɳo kəre d̪o bəʈɑ t̪een hɪsso mɑɳu ʋəjɑlɪ ən,təkribən do tihɑi bənde bəccenən,moʈɑmoʈi dui tihɑi sədəsjə mən dəl čʰor deləj,-,ləmsəm du tihɑi loɡ səb bəččəl həu,-,moʈɑmoʈi dui tihɑi sədəsjɑ dəl čʰor delə̃j,muʈɑmuʈi d̪ui t̪rit̪i-ɑŋʃo ʃɔd̪oiʃʃorɑ bɑki ɑsoin,təkribən do tihɑi ɑrɑkin tʃʰoɽ tʃuke hɛ̃,-,moʈɑmoʈi do tihɑi sədəsjə kəʈʰ čʰori delɑ,-
,This institute contains approximately 1000 students.,-,is sənstʰɑn če ləɡbəɡ ǰɑr sʈuɖenʈ ne,je sənstʰɑn mə ləɡbəɡə həzɑr čʰɑtrə čʰe,i sənstʰɑn me ləɡbʰəɡ həzɑr ʋidjɑrtʰi čʰe,e koleɡ mei ləɡbəɡ jɑr čʰokro rendɑ,hjɑ sə̃st̪ẽt̪ sumɑr 1000 vɪd̪jɑrt̪ɪ ɑsɑt̪,jo sənstʰɑn mə ǰʰənɖəi ek həzɑr ʋidjɑrtʰi əru sən,i sənstʰɑn ʈɑj̃ ɡəʈɑɡəʈi ləʈ čʰəuɑ ɑ:hɑt,eɪ ɪnstɪtute moʈamoʈɪ hɑdʒɑr dʒon čʰɑt̪ro-čʰɑt̪r ɑ:čʰe,,ɪ: ɪnstitut mɛ koɪ həzɑrek ʈɑbər hɛ,e sə̃nst̪ʰɑ ʋɪčč ləɡbəɡ həzɑr ʋɪd̪jɑrt̪ʰɪ hən,eɪ sə̃nst̪ʰɑnɑ re pakʰɑ pakʰɪ həzɑre čʰɑt̪rɑ čʰɑt̪rɪ əčʰənt̪ɪ,,jɑ sə̃nst̪e məd̪ʰe ənd̪ɑže həzɑr ʋɪd̪jɑrt̪ʰɪ əhet̪,ɑ: šə̃nst̪ʰɑ mɑ ləɡbʰəɡ həžɑr ʋɪd̪jɑrt̪ʰijo čʰe,hɪn sənst̪ʰɑn me ɡəɳo kəre həzɑr bɑr ən,is ədɑre ʋič təkribən dʒɑr bəččɑ ɛ,i: sənstʰɑn me moʈɑmoʈi ek həzɑr čʰɑtrə mən həj,-,i sənstʰɑn me ləmsəm ek həzɑr ləikɑ/bəččɑ səb həu,əsmin pɑʈʰsɑle prɑjəh səhəstrəh čʰɑtrɑh sənti,i sənstʰɑn mɑhɑn moʈɑmoʈi hɑzɑr pəɖʰuɑ čʰəuʋɑ ɑhə̃j,ei prot̪iʃʈʰɑno muʈɑmuʈi æx ɑɟɑr ʃɑt̪ro-sɑt̪ri ɑse,is idɑre mẽ təkribən ɑekhɑzɑr təlbɑ hɛ̃,e sənstʰɑn ne ek həzɑr əsən pilɑ mən ɑsot,i sənstʰɑne moʈɑmoʈi həzɑr skulijɑ čʰəuɑ hət,-
,Approximately 35 kilos of rice are in the sack.,-,ləɡbəɡ pɛtti kilo čoɭ boriččə pɛ dene ɛ,ləɡbəɡə pɛ̃tis kil bərɑbər čɑul bore me (rəkʰijɑ) čʰe,ləɡbʰəɡ pɛtis kilo čɑur bori me čʰe,bori mənǰ ləɡbəɡ pɛti kilo čoɭnə,sɑkɑ̃t̪ sumɑr pəst̪ɪs kɪlo t̪ɑ̃d̪uɭ ɑsɑt̪,ǰʰənɖəi bis kilo cɑʋəl bori mə čʰə,mɑʈɑməʈi ʈenen mɑčɑ kilə čɑur bərɑj̃ ɑheik,moʈɑmoʈɪ pɔ̃ɪt̪ɪri:š kɪlo čɑ:l eɪ bɔstae ɑ:čʰe,mɒtɑ:motɪ pɒɪntrɪs  kɪlo sɑʊl monɑkʰɒnot ɑsɛ,koɪ pəntɪs kɪlo čɑvəl mɑjɑ pəɽəjɑ hɛ,ləɡbəɡ pɛ̃t̪ɪ kɪlo čɔɭ bore ʋɪčč hən,pɑkʰɑ pɑkʰɪ pəɪ̃t̪ɪrɪs kɪlo čɑuɭə borɑ re əčʰɪ,ləɡbəɡ čʰɪjə pɑ̃tʃt̪rəh kɪlo t̪omul  bohrɪjə mə̃ǰ,ənd̪ɑže pəst̪ɪs kɪlo t̪ɑnd̪uɽ pot̪jɑ t̪ɑ hɛ,ɑ: koʈʰrɪ mɑ leɡbʰəɡ pɑ̃t̪rɪs kɪlo čokʰɑ,ɪn poʈələ me ɡəɳo kəre pənʈɪje kɪro cɑʋər ən,təkribən pẽti kilo čɑʋəl toɽe ʋič en,moʈɑmoʈi pɛtis kilo čɑur borɑ me həj,ləɡbʰəɡ pɑtri kilo sokɑ bori me hɛ,lemsəm pɛ̃tis kilo čɑur bori me həu,prɑjəh pə̃nčtrĩnʃət kilo tənɖuləm təsmən sjute əsti,moʈɑmoʈi pẽtis kilo cɑur borɑ mɑhɑn ɑhe,muʈɑmuʈi fɔet̪riʃ kilo sɑul bɔst̪ɑt̪ ɑse,thɛle me təkribən pẽtis kilo tʃɑʋəl hɛ̃,borɑ ne kuri dəs tin kilo əsən čɑur ɑse,moʈɑmoʈi pɛttis kilo čɑur borɑẽ ɑho,-
,,,,,,,,,,,,,,,,,,,,,,,,,,,,,
,Aggregatives,,,,,,,,,,,,,,,,,,,,,,,,,,,,
,A group of two girls played.,-,-,dui ləɖki kə dələ/səmuh-lə ɑpəs me mil ke kʰel čʰu,di čeljɑn səmuh me kʰelo,-,d̪on t͡səljɑ̃t͡sɔ ek pə̃ɡəɖ kʰɛɭɭɔ,dui oʈɑ keʈi həruɡo səmuhə le kʰelijo,dənɑ ʈi beʈičʰuɑk ekʈɑ kʰuɽ kʰel-lɑ,d̪uʈo mejer d̪ol kʰello,dʊtɑ sʊɑlɪɛ ɡrʊp hoɪ kʰɛlɪlɛ,do čʰorəjo ro ɟ̌ʰʊnd rəmmɛ,kuriɑ̃ de do ɡrupɑ̃ ne kʰeɖejɑ,d̪uɪ ǰɑɳə ǰʰɪe səmuh ru kʰeɭɪlə,-,d̪on muɭɪ kʰeɭt̪ɑt̪ əhe,be čʰokəɽɪjoe rəmɪ lɪd̪u,bə čʰokrɪjo ɡəɖ rɑnd̪ pɪju kərɪn,do kuɽijɑ̃ nɑ ǰunɖ kʰeɖɖijɑ,dui ɡo čʰorimən kər dəl kʰel-lək,be ʃorijɑnɑ səmuh kʰelʋɑ lɑɡjɑ,du ɡo čʰɔri səb kʰel-ləu,dʋəjoh bɑlikjoh səmɑhɑrəh əkriɖət,dui ʈɑ beʈičʰuɑ ker dəl kʰel-ləj̃,d̪ui mejer d̪ɔl xelse,ləɽkiõ ke do ɡruhũ  ne kʰelɑ,duj ǰən ǰʰən leki mən čo ɡoʈək ɡohɽi kʰel-li,du čʰorijɑne ɡoʈʰ kʰel lə,-
,A group of five girls played.,-,-,pɑ̃č ləɖkijõ səmuh ču kʰɛl čʰu,pɑ̃č čeljɑn səmuh me kʰelo,-,pɑ̃t͡s  t͡səljɑ̃t͡sɔ ek pə̃ɡəɖ kʰɛɭɭɔ,pɑ̃tʃ oʈɑ keʈi həruɡo səmuhə le kʰelijo,ʈenɑ ʈi beʈičʰuɑk ekʈɑ kʰuɽ kʰel-lɑ,pɑ̃čʈɪ mejer d̪ol kʰello,pɑ:stɑ sʊɑlɪɛ ɡrʊp hoɪ kʰɛlɪlɛ,pɑ:nč čʰorəjo ro ɟ̌ʰʊnd rəmmɛ,kuriɑ̃ de pənǰ ɡrupɑ̃ ne kʰeɖejɑ,pɑ̃nčə ǰɑɳə ǰʰɪe səmuh ru kʰeɭɪlə,-,t̪ɪn muɭɪ kʰeɭt̪ɑt̪ əhe,pɑ̃nč čʰokəɽɪjoe rəmɪ lɪd̪u,pənǰ čʰokrɪjo ɡəɖ rɑnd̪ pɪju kərɪn,pənǰ kuɽijɑ̃ nɑ ǰunɖ kʰeɖɖijɑ,pɑč ɡo čʰorimən kər dəl kʰel-lək,pɑč ʃorijɑ nu səmuh kʰelʋɑ lɑɡjo,pɑ̃č ɡo čʰɔri səb kʰel-ləu,pə̃nčɑnɑm bɑlikɑnɑm səmɑhɑrəh əkriɖət,pɑ̃tʃ ʈɑ beʈičʰuɑ ker dəl kʰel-ləj̃,fɑs mejer d̪ɔl xelse,ləɽkiõ ke pɑ̃tʃ ɡruhũ  ne kʰelɑ,pɑ̃č  ǰən ǰʰən leki mən čo ɡoʈək ɡohɽi kʰel-li,pɑ̃č čʰorijɑne ɡoʈʰ kʰel lə,-
,A group of four girls played.,-,-,čɑr ləɖkijõ səmuh ču kʰɛl čʰu,čɑr čeljɑn səmuh me kʰelo,-,cɑr t͡səljɑ̃t͡sɔ ek pə̃ɡəɖ kʰɛɭɭɔ,tʃɑr oʈɑ keʈi həruɡo səmuhə le kʰelijo,čɑrɑ ʈi beʈičʰuɑk ekʈɑ kʰuɽ kʰel-lɑ,čɑrʈɪ mejer d̪ol kʰello,sɑ:rɪtɑ sʊɑlɪɛ ɡrʊp hoɪ kʰɛlɪlɛ,tʃɑr čʰorəjo ro ɟ̌ʰʊnd rəmmɛ,kuriɑ̃ de tʃɑr ɡrupɑ̃ ne kʰeɖejɑ,čɑrɪ ǰɑɳə ǰʰɪe səmuh ru kʰeɭɪlə,-,čɑ:r muɭɪ kʰeɭt̪ɑt̪ əhe,čɑr čʰokəɽɪjoe rəmɪ lɪd̪u,čɑr čʰokrɪjo ɡəɖ rɑnd̪ pɪju kərɪn,čɑr kuɽijɑ̃ nɑ ǰunɖ kʰeɖɖijɑ,čɑir ɡo čʰorimən kər dəl kʰel-lək,ʃɑr ʃorijɑ nu səmuh kʰelʋɑ lɑɡjo,čɑr ɡo čʰɔri səb kʰel-ləu,čəturɳɑm bɑlikɑnɑm səmɑhɑrəh əkriɖət,tʃɑr ʈɑ beʈičʰuɑ ker dəl kʰel-ləj̃,sɑir mejer d̪ɔl xelse,ləɽkiõ ke tʃɑr ɡruhũ  ne kʰelɑ,čɑr ǰən ǰʰən leki mən čo ɡoʈək ɡohɽi kʰel-li,čɑr čʰorijɑne ɡoʈʰ kʰel lə,-
,A group of twelve boys reached.,-,-,bɑrɑ ləɖko ke dəl pəhoččə,bɑr nənɑk/čelɑk səmuh/dəl pəhuč ɡo,-,bɑrɑ t͡səljɑ̃t͡sɔ ek pə̃ɡəɖ pɑvlɔ,bɑro oʈɑ keʈɑ həruɡo səmuhə puɡjo/ ɑi puɡjo,dənɑrə beʈɑčʰəuɑk ənɑʈɑ kʰuɽ pə̃həčlɑ,bɑroʈɪ čʰeler d̪ol poučʰolo,bɑrɒtɑ lɒrɑr ɡrʊp ɛtɑ ɑ:hɪ pɑ:lɛ,bɑrɑ čʰorɑ ro ɟ̌ʰʊnd ɑ:jo,munɖejɑ̃ de bɑrɑ̃ ɡrup põtʃ ɡəe,bɑrə ǰɑɳə pɪlɑ səmuh ru pəhənčɪle,-,bɑrɑ muɭə pohoslɪt̪,ʋɪs čʰokrɑo pəhočjɑ,bɑrɑ čʰokrɑ ɡəɖ  pəhučɪ ʋjɑ,bɑrɑ munɖjɑ nɑ ǰunɖ puǰǰijɑ,bɑrɑ ɡo čʰorɑmən kər dəl pəhuč-lək,bɑrɑ ʃorɑ nu səmuh puɡi ɡijo,bɑrɑ ɡo čʰɔrɑ səb pəhũčləu,dʋɑdəʃɑnɑm bɑlkɑnɑm səmahɑrəh prɑptʋɑn,bɑrɑ ʈɑ beʈɑčʰuɑ ker dəl pəhũčələk,bɑro seler d̪ɔl fousɑise,lərkõ ke bis ɡɑruh pohõtʃ ɡəe,bɑrɑ ǰʰən lekɑ mən čo ɡoʈək ɡohɽi əmrəli,bɑrɑ čʰorɑ ɡoʈʰ pəhučələ,-
,A group of twenty five boys reached.,-,-,pəččis ləɖko ke dəl pəhoččə,pəččis čəl-ɑk səmuh pəhuč ɡo,-,pə̃cvɪs t͡səljɑ̃t͡sɔ ek pə̃ɡəɖ pɑvlɔ,pəccis oʈɑ keʈɑ həruɡo səmuhə puɡjo,kuɽi mɑčɑ beʈɑčʰəuɑk ənɑʈɑ kʰuɽ pə̃həčlɑ,põči:št̪ɪ čʰeler d̪ol poučʰolo,posɪstɑ lɒrɑr ɡrʊp ɛtɑ ɑ:hɪ pɑ:lɛ,pəčɪs čʰorɑ ro ɟ̌ʰʊnd ɑ:jo,munɖejɑ̃ de pənǰi ɡrup põtʃ ɡəe,pəččɪs ǰɑɳə pɪlɑ səmuh ru pəhənčɪle,-,pə̃čʋɪs muɭə pohoslɪt̪,əɡjɑr čʰokrɑo pəhočjɑ,pənǰʋɪjə čʰokrɑ ɡəɖ  pəhučɪ ʋjɑ,pəčči munɖjɑ nɑ ǰunɖ puǰǰijɑ,pəččis ɡo čʰorɑmən kər dəl pəhuč-lək,pəssi ʃorɑ nu səmuh puɡi ɡijo,pəččis ɡo čʰɔrɑ səb pəhũčləu,pə̃nčʋĩnʃjɑh bɑlkɑnɑm səmahɑrəh prɑptʋɑn,pəccis ʈɑ beʈɑčʰuɑ ker dəl pəhũčələk,fociʃ seler d̪ɔl fousɑise,lərkõ ke pətʃis ɡɑruh pohõtʃ ɡəe,pəčis ǰʰən lekɑ mən čo ɡoʈək ɡohɽi əmrəli,pəccis čʰorɑ ɡoʈʰ pəhučələ,-
,A group of twenty boys reached.,-,-,bis ləɖko ke dəl pəhoččə,bis čəl-ɑk səmuh pəhuč ɡo,-,vɪs t͡səljɑ̃t͡sɔ ek pə̃ɡəɖ pɑvlɔ,bis oʈɑ keʈɑ həruɡo səmuhə puɡjo,kuɽi beʈɑčʰəuɑk ənɑʈɑ kʰuɽ pə̃həčlɑ,kurɪʈɪ čʰeler d̪ol poučʰolo,bɪstɑ lɒrɑr ɡrʊp ɛtɑ ɑ:hɪ pɑ:lɛ,bɪ:s čʰorɑ ro ɟ̌ʰʊnd ɑ:jo,munɖejɑ̃ de ʋi ɡrup põtʃ ɡəe,koɖɪe ǰɑɳə pɪlɑ səmuh ru pəhənčɪle,-,ʋɪs muɭə pohoslɪt̪,pənd̪ər čʰokrɑo pəhočjɑ,ʋɪjə čʰokrɑ ɡəɖ  pəhučɪ ʋjɑ,bi munɖjɑ nɑ ǰunɖ puǰǰijɑ,bis ɡo čʰorɑmən kər dəl pəhuč-lək,ʋis ʃorɑ nu səmuh puɡi ɡijo,bis ɡo čʰɔrɑ səb pəhũčləu,ʋĩnʃənjɑh bɑlkɑnɑm səmahɑrəh prɑptʋɑn,bis ʈɑ beʈɑčʰuɑ ker dəl pəhũčələk,biʃ seler d̪ɔl fousɑise,lərkõ ke bis ɡɑruh pohõtʃ ɡəe,bis ǰʰən lekɑ mən čo ɡoʈək ɡohɽi əmrəli,bis čʰorɑ ɡoʈʰ pəhučələ,-
,,,,,,,,,,,,,,,,,,,,,,,,,,,,,
,Collectives,,,,,,,,,,,,,,,,,,,,,,,,,,,,
,A single word comes to mind.,ek səbd dimɑɡən ɑu,ek əkʰər dəmɑɡ cə ɑjɑ,ek səbd mejɑr dim͏ɑɡ me ɑjɑ,ek səbd mere dimɑɡ me ɑe rɔ,ək ləbž ǰəɽɑ dimɑɡ me əijɑ,mnɑ̃t̪ ekut͡s ʃəbd̪ jɛt̪ɑ,eoʈɑ mɑtre səbd mero dimɑɡ me ɑʋəčʰə,ənɑ ʈɑ sɑɽɑ məɡəǰ ɑuleik,ɛkʈɑ sɔbdo mone ɑsčʰe,etɑ hɔpto mur murɔʈ ɑhi se,ek səbd dimɑɡ me ɑʋe,ek səbd jeɖ dimɑɡ če ɑje,səbəd ʈe muɽ/mənn ke əslɑ,əkke ləfəz čʰɘ dimɑɡəs məž eʋɑ̃,mənat ekəts ʃəbdə yeto,mɑrɑ mənn mɑ ek ʃəbd ɑʋjo,-,ek ləfəž dimɑɡ ʋič ɑnɑ,ekkoɡo səbd dimɑɡ me ɖʰuklək,ek ʃəbd mɑrɑ dimɑɡ me ɑ:ʋjo,ekke ɡo səbd dimɑɡ me əʋəčʰəi,məstiske ekmeʋ səbdəh ɑɡəčʰəti,ekʈɑ səbd dimɑɡe ɑlə,æx xotɑi mɑt̪ʰɑt ɑr,ɑek wɑhid ləfz zehən mẽ ɑjɑ hɛ,ɡoʈki səbd bud ne eu ɑj,eɡo səbəd dimɑɡe ɑit,ɛk-ʈɑ ʃɔbdo monot ɑsi če
,Two pair of socks,dui ǰoɖi ǰurɑberi,do ǰərɑbbe de joɖe,dui ǰoɖi moǰɑ,di ǰoɖi ǰurɑb,do ǰurɑbbɑ re ǰoɖe,mejɑ̃cɛ̃ d̪on zɔɖ,dui ǰoɖi moǰɑ,dənɑ kʰuɽ məžɑ,du ǰoɖɑ moǰɑ,ɖuzur mužɑ,do ǰurɑb ri ǰoɖijɑ̃,do ǰoɖe ǰərɑbbɑ̃,ǰuɖe moǰɑ,žə ǰoɖ mož/ǰurɑb,modʒyantʃi dzoɖi,moǰɑ ni be ǰoɖi,bə ǰoɖi moǰɑ,ǰurɑbbɑ ne do ǰoɽe,dui ǰoɖɑ moǰɑ,be ǰoɖi moǰɑ,du ǰoɽi moǰɑ,juɡəldʋəjəm pɑrsiɳtrəm,dui ǰoɖi moǰɑ,dui ɟuɽɑ muɟɑ,dʒurɑbõ ke do dʒoɽe,duj ǰoɖi moǰɑ ɑsot,du ǰoɖɑ moǰɑ,dui ǰoɖɑ muǰɑ
,Pair of socks are lying here,ek ǰoɖi ǰurɑberi okʰe poidisɑ,ǰərɑbbe de joɖe itʰə peje dene,ek ǰodi moǰɑ jəkʰəm poɖije čʰə,ek ǰoɖɑ ǰurɑb ihɑ pəɽi rɔ,ǰurɑbbɑ re ǰoɖe iʈʰe pjure,mẽjɑ̃cɛ̃ d̪on zɔɖ hɑ̃ɡɑ pɖɪllɛ ɑsɑt̪,moǰɑ ko ǰoɖi ihɑ nerə čʰə,ənɑ kʰuɽ məžɑ hĩɑ ɡirəl ɑheik,du ǰoɖɑ moǰɑ ekʰɑne poɽe ɑse,mužɑ ke žur bɑi jəʈe ɑse,ek ǰurɑb ri ǰoɖi əʈʰ pəri e,ǰərɑbbɑ̃ otʰe pəi ɛ,ǰuɖe moǰɑ iʈʰɑne pəɖi čʰe,mož nɑž ǰoɖ čʰɘ jet pemmət,tithe modze pəɖlyet,moǰɑ ni ǰoɖi əijɑ pəɖi čʰe,ek ǰoɖi moǰɑ hitte pjɑ ən,ǰurɑbbɑ ne ǰoɽe itʰe pɛn ɛ,ek ǰoɖɑ moǰɑ hijɑ̃ pəɽəl həj,ek ǰoɖi moǰɑ ɑi pəɽjɑ hɛ̃,moǰɑ ke ǰoɽi hĩjɑ pəɽəl həi,pɑrsiɳtrəjuɡləm ətr əsti,ek ǰoɖi moǰɑ ihɑ̃ ɡirəl ɑhe,æxɟuɽɑ/xojekɟuɽɑ muɟɑ ixɑno fori ruise,dʒurɑbõ ke dʒoɽe jɑhɑ̃ pəɽe hɛ̃,moǰɑ čI ǰoɖi etʰɑ pəɽlise,ek ǰoɖɑ moǰɑ ihɑ̃ pərəl hɛ,ɛʈe moǰɑ ǰoɖɑ mičʰɑ hoe
,I went there dozen of times.,-,mɛ utʰe dərǰəno bɑr ɡəjɑ,mi ʋəkʰət dərǰəno bɑr ɡo,mɛ ʋəhɑ dərǰəno bɑr jɑye re,əũ bəɽi terhi ʋɑri ɡəčʰurɑ tʰu,hɑ̃v tʰə̃j ɖəzən/bɑrɑ fɑvtɪ̃ ɡɛllɛ̃,mote uɑ dərǰəno pəʈək ɡəje čʰu,mə̃ hũɑ dərǰənə dʰɑ̃u hũɑ ɡelə̃,ɑmi okʰɑne ɛk ɖoǰon bɑr ɡečʰiləm,moi tɑte bohut bɑr ɡəi su,hu bəʈʰ kəi bɑr jɑi jo,mɛ utʰe kəi ʋɑri ɡəjɑ ɛ,mui henəke bəhut tʰər ǰɑičʰe,buččut tut dərzənə bɑr ɡumɑ,mi tithe (ʃəmbʰərda/hədzarda) geloy,ho təjɑ ɡʰəɳi ʋəkʰət ɡəjo čʰu,mɑ hutte ələj dəffɑ ʋəjo əjɑ,me utʰe dərǰən ʋɑri ɡəjɑ,mõj huɑ̃ dərǰəno ber jɑ hũ,mũ ije dərǰən ʋəɡət ɡjo,həm uhɑ̃ dərǰəno bɑr ɡelijəi (hə),bəhubɑrəm əhəm tətrə ɡətʋəti/ɡətʋɑn,mõj huɑ̃ beǰɑin dʰɑ̃ʋ ǰɑjɑ,-,mɛ ʋəhɑ̃ dərdʒənõ dəfɑ ɡəjɑ hũ,mə̃j hutɑ kəek dərǰən hɑr ɡele,həm huɑ̃ dərǰəno bɑr ɡelije,mui oʈe ɡečʰinu onek/mɛlɑ bɑr
,I bought half a dozen eggs.,mɛ odʰɑ dərǰən ənɖe lije,mɛ ɑddi dərǰən ənɖe ləi,mil ɑdʰɑ dərǰən ənɖɑ kʰəridi,mɛl ɑdʰo dərǰən ənɖ kʰəridi,me əddɑ dərǰən ənɖe kʰəride tʰije,hɑ̃vɛ̃ ɑrd̪ ɖəzən t̪ɑ̃t̪jɑ̃ vɪkət̪ ɡʰɛt̪lɪ̃,məile ɑdʰɑ dərǰən ənɖɑ kine,mə̃ ɑdʰɑ dərǰən ɑ̃ɽɑ kinlə̃,ɑmi čʰɔ-ʈɑ ɖim kinečʰi,ɑdʰɑ ɖəzən koni kinilu,hu ɑddɑ dərǰən ənɖɑ le rəjo,mɛ əddɑ dərjən ənɖe kʰəride,mui čʰo ʈɑ ɡɑr ɡʰinli,mi kʰerid oɖ dərzən ʈʰur,mi ərdʰa ɖəzən ənɖi gʰetli,me ərdʰɑ ɖəzən inɖɑ kʰəridijɑ,mu ədʰ dərǰən bʰedɑ ʋərtɑ ən,me əddɑ dərǰən ənɖe lite,mõj ɑdʰɑ dərǰən ɑɽɑ kinlo,mɛ̃ əɖdo dərǰən enɖ lɑʋjə̃,həm ɑdʰɑ dərǰən ənɖɑ kʰəridlijəi,əhəm ərdʰəseʈəkəm ənɖəm kritʋəti/kritʋɑn,mõj ɑdʰɑ dərǰən əɖɑ kinlə,ɑmi sɔjʈɑ ɖim kinci,mɛ ɑdhɑ dərǰən ənɖe kʰərid lɑjɑ,mə̃j adʰɑ dərǰən ɡɑr ɡʰenle,həm ɑdʰɑ dərǰən tɑɽɑ kinlije,mui ɑdʰɑ ɖəǰən ɖim kini luŋ
,wait for a couple of minutes,kičʰ minʈ-ri teĩ nihɑɽɑ,do čɑr minʈ vet  kərijɑ̃,kučʰ minʈɑ intzɑr kərɑ,tʰoɖi minəʈələǰi intzɑr kəru,kičʰ menʈ/tʰorɑ der intzɑr kər,d̪on mɪntɑ̃ kʰɑt̪ir rɑv,kei minuʈ,ʈuku/kičʰu ɖə̃ɽek pərkʰe,kojɑk miniʈ ( ǰonno) ɔpekʰɑ kɔro/ kičʰukʰone ǰonno ɔpekʰɑ kɔro,kei miniʈ mɑn rɔ/rɔbɑ,tʰoɽɑ minəʈ ɖik lɛ,tʰoɖi der uɖik lɛ,dui miniʈ əpekʰjɑ kər/kərə,keh minəʈ rikžu,tʰoɖa veɭ tʰamb,tʰoɽɑ səməj mɑʈe rɑh ǰuo/tʰobo,tʰoɽi der bʰijo,kuǰ der ʋɑste intzɑr kər,kučʰ minəʈ tənik intzɑr kərɑ,be minəʈ ʋɑʈ ǰo,tənkɑ minəʈ ke lijə rukɑ,kĩnčit ʃʰəɳəm tisʈʰ,-,dui miniʈ dɑɽɑo,do minʈ intizɑr kəro,kʰinɖik minəʈ kɑǰe ʈɑk,kučʰ minəʈ khɑtir intzɑr kor,kičʰu kʰəne ǰonne dɑrɑɳ
,,,,,,,,,,,,,,,,,,,,,,,,,,,,,
,Num-NPs,,,,,,,,,,,,,,,,,,,,,,,,,,,,
LP23,one boy,ek ʃoru,ek muɖɑ,ek ləɖkɑ,ek čəl,əkʰ čʰokro,ek t͡səlɔ,eoʈɑ keʈo,ənɑ ʈɑ beʈɑčʰəuɑ,ækʈɑ/ekʈɪ čʰele,ɛdʒɒn lɒrɑ:,ek čʰoro,ɪkk munɖɑ,ǰəɳə bɑɭəkə,əkʰ ləɖk,ek mulɡɑ,ek čʰokro,ɪkk čʰokro,ek munɖɑ,eɡo čʰorɑ,ek ʃoro,eɡo ləikɑ,ekəh bɑləkəh,ekʈɑ čʰorɑ,æxʈɑ sele,ɑek ləɽkɑ,ɡoʈək lekɑ,eɡo čʰorɑ,ɛk-ʈɑ čɛŋɡrɑ
LP24,two boys,dui ʃoru,do muɖe,dui ləɖkɑ,di čəl,do čʰokro,d̪on t͡səlɛ,duiʈɑ keʈɑ,dənɑ ʈɑ beʈɑčʰəuɑ,d̪uʈo/ d̪uʈɪ čʰele,dʊdʒɒn lɒrɑ:,do čʰorɑ,d̪o munɖe,d̪uɪ ǰəɳə bɑɭəkə,žə ləɖk,d̪on mulə,be čʰokrɑo,bə čʰokrɑ,do munɖe,duiɡo čʰorɑmən,be ʃorə,duɡo ləikɑ,dʋɔ bɑlkɔ,duiʈɑ čʰoa,duiʈɑ sele,do ləɽke,duj ǰʰən lekɑ mən,du-ɡo čʰorɑ,dui-ʈɑ čɛŋɡrɑ
ex-LP23,one sheep,ek bʰeɖ,ek piɖ,ek bʰẽɖič,ek bʰeɽ,əkʰ bɛɽ,ek mɛ̃dɔ,eoʈɑ bʰeɽo,ekʈi bʰeɖi,ækʈɑ/ekʈɪ bʰærɑ,ɛtɑ: bʰɛrɑ:,ek bʰɛɽ,ɪkk peɖ,ɡotɪe menɖʰɑ/ menɖʰɑtɪe,əkʰ kəʈʰ,ek menɖrɪ,ek ɡʰeʈu,ɪkk bʰeɖ,ek peɖ,eɡo bʰeɽ,ek bʰeɖ,eɡo bʰeɽ,ekɑ eɖkɑ,ekʈɑ bʰeɽi,æxʈɑ bʰæɽɑ,ɑek bhɛɽʰ,ɡoʈək menɖi,eɡo bʰeɽɑ,ɛk-ʈɑ bʰɛɽɑ
LP27,five sheep,põnǰ bʰeɖ-ɑ̃,pənǰ piɖɖɑ̃,pɑ̃č bʰẽɖči,pɑ̃č bʰeɽ,pənǰ bɛrɑ,pɑ̃t͡s mɛ̃dɛ,pɑ̃tʃõ ʈɑ bʰeɽɑ əru,mɑčɑʈi bʰeɖi,pɑ̃čʈɑ bʰærɑ,pɑ:stɑ: bʰɛrɑ:,pɑ̃:nč bʰɛɽɑ,pənǰ peɖɖɑ,pãnčə menɖʰɑ,pɑ̃tʃ kəʈʰ,pɑ̃:tʃ menɖrəjɑ,pɑ̃nč ɡʰeʈɑ,pənǰ bʰeɖ,pənǰ peɖɑ,pɑčɡo bʰeɽ,pɑč bʰeɖ,pɑ̃čɡo bʰeɽ,pə̃nč eɖkɑh,pɑ̃tʃʈɑ bʰeɽi,fɑsʈɑ bʰæɽɑ,pɑ̃tʃ bhɛɽẽ,pɑ̃č ʈʰən menɖi,du-ɡo bʰeɽɑ,pɑtʃ-ʈɑ bʰɛɽɑ
ex-LP23,one girl,ek ʃori,ek kuɖi,ek ləɖki,ek čel,əkʰ čʰokre,ek t͡səlɪ,eoʈɑ keʈi,ənɑʈi/ekʈi beʈičʰəuɑ,ækʈɑ meje,ɛdʒɒnɪ sʊɑ:lɪ,ek čʰorɪ,ɪkk kuɖɪ,ǰəɳə ǰʰɪe/ǰʰɪətɪe,əkʰ kuʋər,ek muɭɡɪ,ek čʰokrɪ,ɪkk čʰokrɪ,ek kuɽi,eɡo čʰori,ek ʃori,eɡo čʰəuri,ekɑ bɑlikɑ,ekʈɑ čʰori,æxʈɑ meje,ɑek ləɽki,ɡoʈək leki,eɡo čʰɔri,ɛk-ʈɑ čɛŋɡri
ex-LP24,two girls,dui ʃorijɑ̃,do kuɖijɑ̃,dui ləɖki,di čeli,do čʰukri,d̪on t͡səljo,duiʈɑ keʈi əru,dənɑʈi beʈičʰəuɑ,d̪uʈo meje,dʊdʒonɪ sʊɑ:lɪ,do čʰorəjɑ,d̪o kuɖɪjɑ̃,d̪uɪ ǰəɳə ǰʰɪe,žə kʋerijə,d̪on muɭɪ,be čʰokərɪjo,bə čʰokrɪju,do kuɽijɑ̃,duiɡo čʰorimən,be ʃorijẽ,duɡo čʰəuri,dʋe bɑlike,duiʈɑ čʰori,duiʈɑ meje,do ləɽkiɑ̃,duj ǰʰən leki mən,du-ɡo čʰɔri,dui-ʈɑ čɛŋɡri
LP25,three girls,trɑi ʃorijɑ̃,trɛ kuɖijɑ̃,tin ləɖki,tin čeli,trɛ čʰukri,t̪ɪn t͡səljo,tinoʈɑ keʈi əru,ʈenɑʈi beʈičʰəuɑ,t̪i:nʈe meje,tɪnɪdʒonɪ sʊɑ:lɪ,tɪn čʰorəjɑ,t̪ɪnn kuɖɪjɑ̃,t̪ɪnɪ ǰəɳə ǰʰɪe,trɛ kʋerijə,t̪ɪn muɭɪ,t̪roɳ čʰokərɪjo,ʈre čʰokrɪju,trɛ kuɽijɑ̃,tinɡo čʰorimən,trəɳ ʃorijẽ,tinɡo čʰəuri,tisrəh bɑlikɑh,tinʈɑ čʰori,tinʈɑ meje,tin ləɽkiɑ̃,tin ǰʰən leki mən,tin-ɡo čʰɔri,tin-ʈɑ čɛŋɡri
LP28,eight trees,ɔʈʰ buʈe,əʈʰ buʈe,ɑʈʰ peɖ,ɑʈʰ ɖɑu,əʈʰ buʈ,ɑʈ zʰɑdɑ̃,ɑʈʰoʈɑ rukʰ həru,əʈʰəi ʈɑ ɡɑčʰ,ɑʈʈɪ ɡɑčʰ,ɑ:ʈʰdɑ:l ɡɒs,ɑ:ʈʰ peɽ,ɑʈʰ rukʰ,ɑ:ʈʰtɪ ɡəčʰə,uəʈʰ kul,ɑ:ʈʰ ǰʰɑr,ɑ:ʈʰ ǰʰɑɽʋɑ/ʋrukʃʰo,əʈʰ peɽ,əʈʰ buʈe,ɑʈʰɡo ɡəčʰ,ɑʈ ǰʰɑr,ɑʈʰɡo per,əsʈ ʋrikʃʰɑɳi,ɑʈʰʈɑ  ɡɑčʰ,ɑʈʈɑ ɡɑs,ɑʈʰ dɑrəkʰt,ɑʈ ʈʰən rukʰ mən,ɑʈʰ ɡo ɡɑčʰ,ɑʈʰ-ʈɑ ɡɑčʰ
ex-LP23,one tree,ek buʈɑ,ek buʈɑ,ek peɖ,ek ɖɑu,əkʰ buʈ,ɛk zʰɑd,eoʈɑ rukʰ,ənəʈɑ ɡɑčʰ,eǩʈɪ ɡɑčʰ,ɛdɑ:l ɡɒs,ek peɽ,ɪkk rukʰ,ɡotɪe ɡəčʰə/ɡəčʰətɪe,əkʰ kul,ek  ǰʰɑr,ek ǰʰɑɽ/ʋrukʃʰ,ɪkk peɽ,ek buʈɑ,ɛɡo ɡəčʰ,ek ǰʰɑr,eɡo per,ekəm ʋrikʃʰəm,ekʈɑ  ɡɑčʰ,æxʈɑ ɡɑs,ɑek dɑrəkʰt,ɡoʈək rukʰ,eɡo ɡɑčʰ,ɛk-ʈɑ ɡɑčʰ
ex-LP23,I have one brother.,merɑ ek bʰɑi sɑ,merɑ ek prɑ ɛ,mjɑr ek bʰɑi čə,mer ek bʰɛ čʰu,merɑ ək bɑi ə,mhɑkɑ ek bʰɑv ɑsɑ,meru eoʈɑ bʰɑi čʰə,mən ənɑʈɑ bʰɑi ɑhe,ɑmɑr ækʈɑ bʰɑɪ ɑčʰe,mor ɛt̪ɑ: bʰɑɪ ɑsɛ,mʰɑro ek bʰɑɪ hɛ,merɑ ɪkk brɑ hɛ,morə ɡotɪe bʰɑɪ əčʰɪ,meh čʰu əkʰ buəi,məɭɑ ek bʰəʊ ɑhe,mɑre ek bʰɑɪ čʰe,munǰo ɪkk bʰɑ ɑhe,merɑ ek prɑ ɛ,mor eɡo bʰɑi ɑhe,mɑre ek bʰɑi he,həmmər eɡo bʰɑi həu,məm ekəh bʰrɑtɑ əsti,mor ekʈɑ bʰɑi ɑhe,ɑmɑr æxʈɑ bɑi ɑse,merɑ ɑek bʰɑi hɛ,močo ɡoʈək bʰɑi ɑse,həmər eɡo bʰɑi hɛ,-
ex-LP24,I have two brothers.,merɑ dui bʰɑi sɑ,mere do prɑn ɛ,mjɑr dui bʰɑi čʰe,mer di bʰɛ čʰe,mere do bɑi-n/bɑi nə,mhɑkɑ d̪on bʰɑv ɑsɑt̪,mɛru duiʈɑ bʰɑi əru čʰən,mən dənɑʈɑ bʰɑi ɑ:hɑt,ɑmɑr d̪uʈo bʰɑɪ ɑčʰe,mor dʊt̪ɑ bʰɑɪ ɑsɛ,mʰɑrɑ do bʰɑɪ hɛ,mere d̪o brɑ hən,morə d̪uɪtɪ bʰɑɪ əčʰənt̪ɪ,meh čʰə žə buəi,məɭɑ d̪on bʰəʊ ɑhet̪,mɑre be bʰɑɪjo čʰe,munǰɑ bə bʰɑ ən,mere do prɑn,mor duiɡo bʰɑi ɑhe,mɑre be bʰɑi he,həmmər duɡo bʰɑi həu,məm dʋɔ bʰrɑtrɔ stəh,mor duiʈɑ bʰɑi ɑhõj,ɑmɑr duiʈɑ bɑi ɑse,mere do bʰɑi hɛ̃,močo du ǰʰən bʰɑi mən ɑsot,həmər duɡo bʰɑi hət,-
ex-LP23,I have one sister.,meri ek bɛɳ sɑ,meri ek bɛɳ ɛ,mjɑr ek behen čə,mer ek beɳ čʰu,meri ək bɛn ə,mhɑkɑ ek bʰəjɳ ɑsɑ,meru eoʈɑ bəini čʰə,mər ekʈi/ənɑʈi behin əhi,ɑmɑr ækʈɑ bon ɑčʰe,mor ɛt̪ɑ: bʰonɪ ɑsɛ,mʰɑrɪ ek ben h,merɪ ɪkk bɛɳ hɛ,morə ɡotɪe bʰəʊɳɪ əčʰɪ,meh čʰə əkʰ beni,məɭɑ ek bəhɪn ɑhe,mɑre ek bəhen čʰe,munǰɪ ɪkk beɳ ɑhe,meri ek pen ɛ,mor eɡo bəhin ɑhe,mɑri ek ben he,həmmər eɡo/həmrɑ ek bəhin həu,məm ekɑ bʰəɡini əsti,mor ekʈɑ bohin ɑhe,ɑmɑr æxʈɑ boin ɑse,meri ek behən hɛ,močo ɡoʈək bəhin ɑse,həmər eɡo bəhin hi,-
ex-LP24,I have two sisters.,meri dui bɛɳ-ɑ sɑ,merijə do bɛɳən ɛ,mjɑr dui behen čʰi,mer di beɳ-i čʰe,meri do bɛn-en,mhɑkɑ d̪on bʰəjɳɪ̃ ɑsɑt̪,mɛru duiʈɑ bəini əru čʰən,mər dənɑʈi behin ɑ:hət,ɑmɑr d̪uʈo bon ɑčʰe,mor dʊt̪ɑ: bʰonɪ ɑsɛ,mʰɑrɪ do benɑ hɛ,merɪjɑ̃ d̪o bɛɳɑ hən,morə d̪uɪtɪ bʰəʊɳɪ əčʰənt̪ɪ,meh čʰə žə beni,məɭɑ d̪on bəhɪn ɑhet̪,mɑre be bəheɳo čʰe,munjɪ bə beɳru ən,meri do penən,mor duiɡo bəhin ɑhe,mɑri be ben-e he,həmmər duɡo bəhin həu,məm dʋe bʰəɡinjɔ stəh,mor duʈɑ bohin ɑhõj,ɑmɑr duʈɑi boin ɑse,meri do behnẽ hɛ̃,močo dui ǰʰən bəhin asot,həmər du (ɡo) bəhin hət,-
ex-LP25,I have three sisters.,meri trɑi bɛɳɑ-sɑ,merijə treɛ bɛɳən ɛ,mjɑr tin behen čʰi,mer tin beɳ-i čʰe,meri trɛ bɛn-en,mhɑkɑ t̪ɪn bʰəjɳɪ̃ ɑsɑt̪,mɛru tinʈɑ bəini əru čʰən,mər ʈenɑʈi behin ɑ:hət,ɑmɑr t̪ɪnʈe bon ɑčʰe,mor t̪ɪnɪdʒonɪ bʰoni ɑsɛ,mʰɑrɪ tɪn benɑ hɛ,merɪj̃ɑ t̪ɪnn bɛɳɑ hən,morə t̪ɪnotɪ bʰəʊɳɪ əčʰənt̪ɪ,meh čʰə trɛ beni,məɭɑ t̪ɪn bəhɪn ɑhet̪,mɑre t̪roɳ bəheɳo čʰe,munjɪ ʈre beɳru ən,meri trɛ penən,mor tinɡo bəhin ɑhe,mɑri trəɳ ben-e he,həmmər tinɡo bəhin həu,məm tisrəh bʰɑɡinjəh sənti,mor tinʈɑ bohin ɑhõj,ɑmɑr tinʈɑ boin ɑse,meri tin behnẽ hɛ̃,močo tin ǰʰən bəhin asot,həmər tin (ɡo) bəhin hət,-
ex-LP23,I have one almirah.,mu-ɑɡɛ ek əlmɑri sɑ,mere koɭ ək əlmɑri ɛ,mjɑr pɑs ek əlmɑri čə,mer pɑs ek əlmɑri čʰu,mere ək əlmɑri ɑ,mhəzɛ lɑɡɪ̃ ek ɑrmɑr ɑsɑ,meru eoʈɑ əlmɑri čʰən,mər ʈʰin ənɑʈɑ hɑɽkɑ ɑheik,ɑmɑr ækʈɑ ɑ:lmɪrɑ ɑčʰe,mor ɛt̪ɑ ɑ:lmɑ:rɪ ɑsɛ,mʰɑrɛ kənɛ ek əlmɑrɪ hɛ,mere koɭ ek əlmɪrɑ hɛ,morə ɡotɪe əlmɪrɑ əčʰɪ,meh čʰə əkʰ əlmɑri,mɑǰʰɑ kəɽe ek kəpɑʈ ɑhe,mɑrɪ pɑse/ mɑre ek kəbɑʈ čʰe,muhɪnǰe ʋəʈʰ ɪkk ɑlmɑrɪ ɑhe,mere kol ek əlmɑri ɛ,mor ǰə eɡo əlmɑri ɑhe,mɑre pɑe ek əlmɑri he,həmrɑ pɑs eɡo əlmirɑ həu,-,həmre pɑs ekʈɑ əlmɑri ɑhe,ɑmɑr æxʈɑ ɑlmɑri ɑse,mere pɑs ɑek əlmɑri hɛ,močo ləɡe ɡoʈək əlmɑri ɑse,həmər pɑs eɡo əlmɑri hɛ,-
ex-LP24,I have two almirahs.,mu-ɑɡɛ dui əlmɑri sɑ,mere koɭ do əlmɑriən ɛ,mjɑr pɑs dui əmlɑri čʰi,mer pɑs di əlmɑri čʰe,mu əlɛ do əlmɑri nə,mhəzɛ lɑɡɪ̃ d̪on ɑrmɑrɪ ɑsɑt̪,moi sitɑ duiʈɑ əlmɑri əru čʰən,mər ʈʰin dənɑʈɑ hɑɽkɑ ɑheik,ɑmɑr d̪uʈo ɑ:lmɪrɑ ɑčʰe,mor dʊt̪ɑ ɑ:lmɑ:rɪ ɑsɛ,mʰɑrɛ kənɛ do əlmɑrəjɑ hɛ,mere koɭ d̪o əlmɑrɪjɑ̃ hən,morə d̪uɪtɪ əlmɪrɑ əčʰ̪ɪ,meh čʰə žə əlmɑri,mɑǰʰɑ kəɽe d̪on kəpɑʈ ɑhet̪,mɑrɪ pɑse/ mɑre be kəbɑʈ čʰe,muhɪnǰe ʋəʈʰ bə ɑlmɑrɪju ən,mere kol do əlmɑriən,mor ǰə duiɡo əlmɑri ɑhe,mɑre pae be əlmɑri he,həmrɑ pɑs duɡo əlmirɑ həu,-,həmre pɑs duiʈɑ əlmɑri ɑhe,ɑmɑr duiʈɑ ɑlmɑri ɑse,mere pɑs do əlmɑrijɑ̃ hɛ̃,močo ləɡe du ʈʰɑn əlmɑri ɑsot,həmər pɑs duɡo əlmɑri hɛ,-
ex-LP23,I have one bag.,mu-ɑɡɛ ek bɛɡ sɑ,mere koɭ ek bɛɡ ɛ,mem/mjɑr pɑs ek bɛɡ čə,mer pɑs ek ǰʰol čʰu,mu əlɛ ək ǰoɽɑ,mhəzɛ lɑɡɪ̃ ek pot̪ɪ ɑsɑ,moi sitɑ eoʈɑ bɛɡ čʰə,mər ʈʰin ənɑʈɑ tʰeilɑ ɑheik,ɑmɑr ækʈɑ bæɡ ɑčʰe,mor ɛt̪a bɛɡ ɑsɛ,mʰɑrɛ kənɛ ek t̪ʰɛlo hɛ,mere koɭ ek t̪ʰɛɑ hɛ,morə ɡotɪe muɳɑ əčʰɪ,meh čʰu əkʰ bəst,mɑǰʰɑ kəɽe ek pɪsʋɪ ɑhe,mɑrɪ pɑse ek t̪ʰelo čʰe,muhɪnǰe ʋəʈʰ ɪkk ǰolo ɑhe,mere kol ek bəstɑ ɛ,mor ǰə eɡo tʰəilɑ/ǰʰolɑ ɑhe,mɑre pɑe ek bɛɡ he,həmrɑ pɑs eɡo bɛɡ həu,məm ekəh sjutəh əsti,həmre pɑse ekʈɑ tʰoilɑ ɑhe,ɑmɑr æxʈɑ bæɡ ɑse,mere pɑs ɑek bəstɑ hɛ,močo ləɡe ɡoʈək beɡ ɑse,həmər pɑs eɡo tʰəilɑ hɛ,-
ex-LP25,I have three bags.,mu-ɑɡɛ trɑi bɛɡ sɑ,mere koɭ trɛ bɛɡ ɛ,mjɑr pɑs tin bɛɡ čʰi,mer pɑs tin ǰʰol čʰe,mu əlɛ trɛ ǰoɽ-en,mhəzɛ lɑɡɪ̃ t̪ɪn pot̪ɪjo ɑsɑt̪,moi sitɑ duiʈɑ bɛɡ əru čʰən,mər ʈʰin ʈənɑʈɑ tʰeilɑ ɑheik,ɑmɑr t̪i:nʈe bæɡ ɑčʰe,mor t̪ɪnɪt̪a bɛɡ ɑsɛ,mʰɑrɛ kənɛ do t̪ʰɛlɑ hɛ,mere koɭ t̪ɪnn t̪ʰɛle hən,morə t̪ɪnotɪ muɳɑ əčʰɪ,meh čʰə trɛ bəst,mɑǰʰɑ kəɽe d̪on pɪsʋjɑ ɑhet̪,mɑrɪ pɑse t̪roɳ t̪ʰelɑ čʰe,muhɪnǰe ʋəʈʰ ʈre ǰolɑ ən,mere kol trɛ bəstɑ ən,mor ǰə tinɡo ǰʰolɑ ɑhe,mɑre pɑe trəɳ bɛɡ he,həmrɑ pɑs tinɡo bɛɡ həu,məm trəjəh sjutɑh sənti,həmre pɑse tinʈɑ tʰoilɑ ɑhe,ɑmɑr tinʈɑs bæɡ ɑse,mere pɑs tin bəste hɛ̃,močo ləɡe tin ʈʰən beɡ ɑsot,həmər pɑs tin ɡo tʰəilɑ hɛ,-
LP26,I have four bags.,mu-ɑɡɛ tʃɑr bɛɡ sɑ,mere koɭ čɑr bɛɡ ɛ,mem čɑr bɛɡ čʰi,mer pɑs čɑr ǰʰol čʰe,mu əlɛ čɑr ǰoɽ-en,mhəzɛ lɑɡɪ̃ cɑr pot̪ɪjo ɑsɑt̪,moi sitɑ tinoʈɑ bɛɡ əru čʰən,mər ʈʰin čɑrɑʈɑ tʰeilɑ ɑheik,ɑmɑr čɑrʈe bæɡ ɑčʰe,mor sɑ:rɪt̪a bɛɡ ɑsɛ,mʰɑrɛ kənɛ tʃɑ:r t̪ʰɛlɑ hɛ,mere koɭ čɑr t̪ʰɛle hən,morə čɑrotɪ muɳɑ əčʰɪ,meh čʰə tʃor bəst,mɑǰʰɑ kəɽe t̪ɪn pɪsʋjɑ ɑhet̪,mɑrɪ pɑse čɑr t̪ʰelɑ čʰe,muhɪnǰe ʋəʈʰ čɑr ǰolɑ ən,mere kol čɑr bəstɑ ən,mor ǰə čɑirɡo ǰʰolɑ ɑhe,mɑre pɑe ʃɑr bɛɡ he,həmrɑ pɑs čɑrɡo bɛɡ həu,məm čətʋɑrəh sjutɑh sənti,həmre pɑse tʃɑrʈɑ tʰoilɑ ɑhe,ɑmɑr sɑiʈʈɑ bæɡ ɑse,mere pɑs tʃɑr bəste hɛ̃,močo ləɡe čɑr ʈʰən beɡ ɑsot,həmər pɑs čɑir ɡo tʰəilɑ hɛ,-
