Expressions,Bantawa,Bayung,Camling,Dumi,Jerung,Khaling,Koyee,Kulung,Nachiring,Puma,Sampang,Sunuwar,Thulung,Wambule,Yakkha,Chintang,Dungmali,Lohorung,Mewahang,Mugali,Phangduwali,Yamphu,Athpariya,Chhulung,Belhare,Limbu,,,,,,,,,,,,,,
,,,,,,,,,,,,,,,,,,,,,,,,,,,,,,,,,,,,,,,,
Cardinals (Values),,,,,,,,,,,,,,,,,,,,,,,,,,,,,,,,,,,,,,,,
One,ɘk,kʌŋ,i,tuk,kwaʔ,tu,uk,ik,uk,ək,itta,ka,ko,kwal,e,ʈʰiʈʈa,ʌk,ekkʌ,ubom,ʈʰili,upaŋ,ikko,ʈʰik,kolok,i-giɖa,tʰik,,,,,,,,,,,,,,
Two,hwa,niksi,ha,sək,dui,sak,dui,nis,nis,əsə,hisa,niʔsi,nə,nis,hi/hitsi,hitstse,hik,hi:tstsi:,hɨkbom,hitstsi,hitstsʰi,nitstsi,ippok,sippok,sik-giɖa,nɛt,,,,,,,,,,,,,,
Three,sum,sam,sim,suk,tin,suk,tin,suk,suk,sum,sumka,sã,su,sum,su/sum,sumtse,sum,sumtsi:,sumkubom,sumtsi,sumtsi,sumdzi,sumbok,sumbok,sum-giɖa,sum,,,,,,,,,,,,,,
Four,pʰek,le/ljam,lju,buk,tsar,bʰɛl,tsar,lik,lik,tsuk,lə̃ka,tsar,blə,pʰib,na,tsar-eɖa,pʰek,ri:tsi:,likbom,tsar,tsaʈ-ʈa,rium,ʈembok,tsar-eɖa,tsar-giɖa,li,,,,,,,,,,,,,,
Five,tsʰuk,ŋʌ/ŋo,ŋa,nek,pãts,bʰjoŋ,pãts,ŋak,ŋak,tsʰit,nə̃ka,pãts,ŋo,ŋa,pʰa,pa͂ts-eɖa,pop,ŋatsi:,ŋakbom,pa͂ts,pa͂ts-ʈa,ŋaum,lembok,pa͂ts-eɖa,pa͂ts-giɖa,ŋa,,,,,,,,,,,,,,
Six,tuk,ruka,tuka,rek,tsʰʌ,tsʰʌ,tsʰʌ,tuk,tuk,tsʰet,tsuki,tsʰʌ,ru,ruk,ja,tsʰʌ-eɖa,seʈ,ʈʰuktsi:,nukbom,tsʰʌ,tsʰʌ-ʈa,tsuktsi,ŋa,tsʰʌ-eɖa,tsʰʌ-giɖa,tuk,,,,,,,,,,,,,,
Seven,sek,tsani,suka,sek,sat,sat,sat,nup,nup,set,sawa,sat,jet,tsani,la,sat-eɖa,sen,waŋtsi:,rekbom,sat,sat-ʈa,etstsi,si,sat-eɖa,sat-giɖa,nu,,,,,,,,,,,,,,
Eight,rek,ja,nuka,uk,aʈʰ,aʈʰ,aʈʰ,rek,rek,ret,reka,aʈʰ,let,ret,ta,aʈʰ-eɖa,rek,baŋtsi:,bakbom,aʈʰ,aʈʰ-ʈa,aktsi,saŋ,aʈʰ-eɖa,aʈʰ-giɖa,jɛt,,,,,,,,,,,,,,
Nine,nek,gu,num,nuk,nʌu,nʌu,nʌu,bʌu,bʰʌu,let,ŋǝka,nʌu,gu,nu,pa,nʌu-eɖa,nek,naŋtsi:,nokbom,nʌu,nʌu-ʈa,noktsi,jaŋ,nʌu-eɖa,nʌu-giɖa,pʰaŋ,,,,,,,,,,,,,,
Ten,pʌu,kʌdem,im,tuksi,dʌs,tʌdʌm,dʌs,ikpoŋ,pʌu,dzʰup,ithop,dʌs,ko-dʰjum,kwal-sjako,e-kʰeŋ,dʌs-eɖa,ʌk-se-ɖin,e-pʌŋ,u-poŋ,dʌs,dʌs-ʈa,ik-poŋ,ʈʰi-mek,dʌs-eɖa,dʌs-giɖa,tʰi-boŋ,,,,,,,,,,,,,,
,,,,,,,,,,,,,,,,,,,,,,,,,,,,,,,,,,,,,,,,
Cardinals (Examples),,,,,,,,,,,,,,,,,,,,,,,,,,,,,,,,,,,,,,,,
One boy.,ɘk-tsʰa duwatsʰa,kʌŋ waisa,i-ʈo soro,tuk-li ləstsu,kwaʔ waʈʈep,tu-bʌ lɛsbɛ,oko lamtsoba,il-po wattsʰa,ul-pʌ watstsʰa,ək-poŋ tʰoroŋtsʰa,itta watstsʰa,wãĩsal ka,ko-le wossjo,kwal utso,e-paŋ babu,ʈʰiʈʈa pa,ʌk-po mertsʰa tsʰa,ekko waʈʰaŋpapisa,ip-paŋ waʈʰaktsʰa,ʈʰi-baŋ tsʰa,upaŋ ʈʰaŋtsʰa,ikko wɛndza,ʈʰi-baŋ jembetsʰa,ʈʰi-baŋ jambitsʰa,i-baŋ wantsabaŋ,lʌtʰik jɛmbitsʰa,,,,,,,,,,,,,,
Two boys.,hwa-paŋ duwatsʰa-tsi,niksi waisa-ro/dʌ,haka-po soro,sək-li ləstsu,waʈʈep-nipʰpʰa,sak-pu lɛsbɛ,dui-dzʌna lamtsoba,nip-po wattsʰa,nis-pʌ watstsʰa,əsə-poŋ tʰoroŋtsʰa-tsi,hisa watstsʰa-tsi,wãĩsal niʔsi,nə-le wossjo-tsip,nis-dzʌn utso,hi-paŋ babu,hitsi-baŋ pa-tse,hik-kʌ-po mertsʰa tsʰa-tse,hi:p-pa waʈʰaŋpapisa-tsi,hɨp-paŋ waʈʰaktsʰa-tsi,hip-paŋ tsʰa-tsʰi,hitstsʰi ʈʰaŋtsʰa-tsʰi,nip-paŋ wɛndza,ip-paŋ jembetsʰa-tsi,sip-paŋ jambitsʰa-tsʰi,sip-paŋ wantsabaŋ-tsʰi,nɛt-tsʰi jɛmbitsʰa-haʔ,,,,,,,,,,,,,,
One sheep.,ɘk-tet tsakajuma,kʌŋ bʰjaɖa,i-ʈo lamtakima,tuk-li hiluwa,kwaʔ bʰeɖa,tu bʰeɖa,oko bʰja:ɖa,ik-bum liŋgulu,uk-bou lus/tʰotsʰʌu,-,itta luksa,bʰeɖa ka,ko-le bʰenda,kwal bʰeɖa,eko samuŋ,ʈʰiʈʈa bʰeɖa,ʌk-po sʌmbʰuwa,ekko samuŋ,ekku nejuma,ʈʰili bʰeɖa,upaŋ bʰeɖa,ikko samu,ʈʰik ʈʰũba,kolok bʰeɖa,i-giɖa bʰeɖa,lʌtʰik mɛlluk,,,,,,,,,,,,,,
Five sheep.,ŋa-ra tsakajuma-tsi,ŋo bʰjaɖa-ro/dʌ,ŋa-ra lamtakima,nek-li hiluwa,pãts-goʔ bʰeɖa,bʰjom bʰeɖa,pãts-oʈa bʰja:ɖa,ŋak-tsi liŋgulu,ŋa-bou lus/tʰotsʰʌu,-,nə̃ka luksa-tsi,pãts-oʈa bʰeɖa,ŋo-le bʰenda,ŋa-gwaɖ bʰeɖa,muktapi e-ko samuŋ,pãts-eɖa bʰeɖa-tse,pop-kʌ-po sʌmbʰuwa,ŋatsi: samuŋ,ŋakbom nejuma-tsi,pãts-oʈa bʰeɖa-tsʰi,pãts-ʈa bʰeɖa-si,ŋaum-goʈa samu,lembok ʈʰũba-tsi,pa͂ts-eɖa bʰeɖa-tsʰi,,ŋa-si mɛlluk-haʔ,,,,,,,,,,,,,,
One girl.,ɘk-tsʰa metstsʰatsʰa,kʌŋ mintsa,i-po tsʰʌikuma,tuk-li mistsu,kwaʔ meʈʈep,tu-bʌ melsem,oko mintsuma,il-po mimtsʰa,ul-pʌ mimtsʰa,ək-poŋ martsʰa,itta mimatsʰa,misal ka,ko-le mesem,kwal ɓitso,e-paŋ mamu,ʈʰiʈʈa ma,ʌk-po metstsʰama tsʰa,ekko me?nuŋma,ip-paŋ mimtsʰa,ʈʰi-baŋ mijatsʰa,upaŋ ʈʰaŋmitsʰa,ikko raŋmi?pi?tsʰa,ʈʰi-baŋ metstsʰa,ʈʰi-baŋ mijatsʰa,i-baŋ mjatsʰa,lʌtʰik mɛntsʰuma,,,,,,,,,,,,,,
Two girls.,hwa-paŋ metstsʰatsʰa-tsi,niksi mintsa-ro/dʌ,haka-po tsʰʌikuma,sək-li mistsu,meʈʈep-nipʰpʰa,sak-pu melsem,dui-dzʌna mintsuma,nip-po mimtsʰa,nip-pʌ mimtsʰa,əsə-poŋ martsʰa-tsi,hisa mimatsʰa-tsi,misal niʔsi,nə-le mesem-tsip,nis-dzʌn ɓitso,hi-paŋ mamu,hitstsi-baŋ ma-tse,hik-kʌ-po metstsʰama tsʰa-tse,hi:p-pa me?nuŋma-tsi,hɨp-paŋ mimtsʰa-tsi,hip-paŋ mijatsʰa-tsʰi,hitstsʰi ʈʰaŋmitsʰa-tsʰi,nip-paŋ raŋmi?pi?tsʰa,ip-paŋ metstsʰa-tsi,sip-paŋ mijatsʰa-tsʰi,sip-paŋ mjatsʰa-tsʰi,nɛt-tsʰi mɛntsʰuma-haʔ,,,,,,,,,,,,,,
Three girls.,sum-ka-paŋ metstsʰatsʰa-tsi,sam mintsa-ro/dʌ,sim-po tsʰʌikuma,suk-li mistsu,tin-dzʌna meʈʈep,suk-pu melsem,tin-dzʌna mintsuma,sup-po mimtsʰa,sup-pʌ mimtsʰa,sum-poŋ martsʰa-tsi,sumka mimatsʰa-tsi,misal sã,su-le mesem-mim,sum-dzʌn ɓitso,sum-paŋ mamu,sum-bʰaŋ ma-tse,sum-gʌ-po metstsʰama tsʰa-tse,sum-pa me?nuŋma-tsi,sumku-paŋ mimtsʰa-tsi,sum-baŋ mijatsʰa-tsʰi,sumtsi ʈʰaŋmitsʰa-si,sum-baŋ raŋmi?pi?tsʰa,sum-baŋ metstsʰa-tsi,sum-baŋ mijatsʰa-tsʰi,sum-baŋ mjatsʰa-tsʰi,sum-si mɛntsʰuma-haʔ,,,,,,,,,,,,,,
Eight trees,ɘk-tet sumʈaŋ/sumraŋ,kʌŋ ɖʰjaksi,i-ʈo suŋpuwa,tuk-li bu,kwaʔ dzʰaŋ,tu-bʌ sʌŋpukʰʌŋ,oko sʌ:,ik-bum sitsʰo,uk-bou sutsʰo,ək-ta səŋpuwa,itta po,rʌwa ka,ko-le dəksa,kwal ɖʰjaksi,eko utʰap,aʈʰ-eɖa siŋʈaŋ-tse,rek-kʌ-po sʌŋpu,baŋtsi: siŋ,bakbom sɨŋ-tsi,aʈʰ-oʈa ʈaŋli-tsʰi,aʈʰ-ʈa siŋʈaŋli-si,aktsi-goʈa siŋbuɖaŋ,saŋ-oʈa siŋbʰuŋma-tsi,aʈʰ-eɖa siŋʈaŋ-tsʰi,aʈʰ-giɖa siŋʈaŋ-tsʰi,jɛt-tsʰi siŋbuŋ-haʔ,,,,,,,,,,,,,,
One tree.,rek-tet sumʈaŋ-tsi/sumraŋ-tsi,ja ɖʰjaksi-ro/dʌ,nuka-ra suŋpuwa,uk-li bu,aʈʰ-goʔ dzʰaŋ,aʈʰ-oʈa sʌŋpukʰʌŋ,aʈʰ-oʈa sʌ:,rek-tsi sitsʰo,rek-bou sutsʰo,rek-ra səŋpuwa-tsi,reka po-tsi,aʈʰ-oʈa rʌwa,let-le dəksa-mim,rek-gwaɖ ɖʰjaksi,aʈʰ-oʈa utʰap,ʈʰiʈʈa siŋʈaŋ,ʌk-po sʌŋpu,ekko siŋ,ubom sɨŋ,ʈʰili ʈaŋli,upaŋ siŋʈaŋli,ikko siŋbuɖaŋ,ʈʰik siŋbʰuŋma,kolok siŋʈaŋ,i-giɖa siŋʈaŋ,lʌtʰik siŋbuŋ,,,,,,,,,,,,,,
I have one brother,ɘŋ ɘk-tsʰa uŋ-nitsʰa,go kʌŋ tsjalpo bʌ,kãŋa i-po mitsʰo heŋe,aŋu-kajo tuk-li wa/pepe mo-t-a,uŋ-umbiʔ kwaʔ nwapsi bam,uŋpo tu-pu ʌ-we mu,aŋu oko bʌktsi modi,om il-po bubu tuwea,omi ul-pʌ nitsʰʌ tuda,uŋ-ək-poŋ nitsʰa toŋaŋa,kə̃-lo itta nutsʰə tui,ãkʰi bhai-ka baʔta,ama ko-le lwak bu,uŋ kwal ɓine ɓam,ka-nuŋ eko nuntsʰa waiʔŋa,akko ʈʰiʈʈa pa-nisa juŋno,mertsʰa aŋ-nu ʌk-po jaŋtsʰʌ,kami ekko nusa tsu,kaŋmi ip-paŋ waʈʰaktsʰa netsʰa tsu,kaha ʈʰi-baŋ mitsenaŋ jembitsʰa juŋga,kahaŋ upaŋ nusa juŋga,kaŋmi ikko nisa ʈu-je,ʈʰi-baŋ andza juŋgwa,gaaka ʈʰi-baŋ jambitsʰa antsʰa juŋne,ŋʌkaha i-baŋ jembitsʰa a-nu-tsʰa juŋŋa,am-bʰuʔ tʰik waʔ,,,,,,,,,,,,,,
I have two brothers,hwaŋ ɘŋ-nitsʰa-tsi juŋtsiŋ-tsi,go niksi tsjalpo bʌ,kãŋa haka-po mitsʰo-tsi mi-hiŋe,aŋu-kajo sək-li wa/pepe mo-t-a,uŋ-umbiʔ nwapsi-nipʰpʰa baŋtsip,uŋpo sak-pu ʌ-we-su muji,aŋu dui-dzʌna bʌktsi-nusi mosi,om nip-po bubu-tsi tuwea,omi nip-pʌ nitsʰʌ tuda,uŋ-əsə-poŋ nitsʰa-tsi toŋaŋa,kə̃-lo hisa nutsʰə-tsi tui-tsi,ãkʰi bhai niʔsi baʔta,ama nə-le lwak-tsip bu-tsi,uŋ nis-dzʌn ɓine ɓam,ka-nuŋ hi-paŋ nuntsʰa-tsi waiʔŋa,akko hitsi-baŋ pa-nisa-tse juŋno,mertsʰa aŋ-nu-tse hik-kʌ-pok jaktsʰʌtse,kami hi:p-pa nusa-tsi tsup-tsi,kaŋmi hip-paŋ waʈʰaktsʰa netsʰa-tsi tsuktsi,kaha hip-paŋ mitsenaŋ jembitsʰa-tsʰi juŋga,kahaŋ hitstsʰi nusa-tsʰi juŋga,kaŋmi nip-paŋ nisa-dzi ʈun-dze,ip-paŋ andza-tsi watsetstsi,gaaka sip-paŋ jambitsʰa antsʰa-tsʰi juŋne,ŋʌkaha sip-paŋ jembitsʰa anutsʰa-tsʰi juŋŋa,am-bʰuʔ nɛt-tsʰi waʔsi,,,,,,,,,,,,,,
I have one sister,ɘk-tsʰa ɘŋ-nitsʰama juŋjaŋ,go kʌŋ sami bʌ,kãŋa i-po nitsʰo hiŋe,aŋu-kajo tuk-li wa/nana mo-t-a,uŋ-umbiʔ kwaʔ riʈeme bam,uŋpo tu-pu ʌ-we mu,aŋu oko baini modi,om il-po nana tuwea,omi ul-pʌ nana tuda,uŋ-ək-poŋ nitsʰa toŋaŋa,kə̃-lo itta nitsʰə tui,ãkʰi baini ka baʔta,ama ko-le lwak bu,uŋ kwal ɓine ɓam,ka-nuŋ eko na waiʔŋa,akko ʈʰiʈʈa ma-nisa juŋno,metstsʰama aŋ-nu ʌk-kʌ-po jaŋtsʰʌ,kami ekko nusa tsu,kaŋmi ip-paŋ mimtsʰa netsʰa tsu,kaha ʈʰi-baŋ mitsenaŋ mijatsʰa juŋga,kahaŋ upaŋ unuma juŋga,kaŋmi ikko nisa ʈu-je,ʈʰi-baŋ andza juŋgwa,gaaka ʈʰi-baŋ mijatsʰa antsʰa juŋne,ŋʌkaha i-baŋ mjatsʰa a-nu-tsʰa juŋŋa,a-nsa tʰik waʔ,,,,,,,,,,,,,,
I have two sisters,hwaŋ ɘŋ-nitsʰama-tsi juŋtsiŋ-tsi,go niksi sami-ro bʌ,kãŋa haka-po nitsʰo-tsi mi-hiŋe,aŋu-kajo sək-li wa/nana mo-t-a,uŋ-umbiʔ riʈeme-nipʰpʰa baŋtsip,uŋpo sak-pu ʌ-we-su muji,aŋu dui-dzʌna baini-nusi mosi,om nip-po nana-tsi tuwea,omi nip-pʌ nana tuda,uŋ-əsə-poŋ nitsʰa-tsi toŋaŋa,kə̃-lo hisa nitsʰə-tsi tui-tsi,ãkʰi baini niʔsi baʔta,ama nə-le lwak-tsip bu-tsi,uŋ nis-dzʌn ɓine ɓam,ka-nuŋ hi-paŋ na-tsi waiʔŋa,akko hitsi-baŋ ma-nisa-tse juŋno,metstsʰama aŋ-nu-tse hik-kʌ-pok jaktsʰʌtse,kami hi:p-pa nusa-tsi tsup-tsi,kaŋmi hip-paŋ mimtsʰa netsʰa-tsi tsuktsi,kaha hip-paŋ  mitsenaŋ mijatsʰa-tsʰi juŋga,kahaŋ hitstsʰi unuma-tsʰi juŋga,kaŋmi nip-paŋ nisa-dzi ʈun-dze,ip-paŋ andza-tsi watsetstsi,gaaka sip-paŋ mijatsʰa antsʰa-tsʰi juŋne,ŋʌkaha sip-paŋ mjatsʰa a-nu-tsʰa-tsʰi juŋŋa,a-nsa nɛt-tsʰi waʔsi,,,,,,,,,,,,,,
I have three sisters.,sumka-paŋ ɘŋ-nitsʰama-tsi mʌ-juŋjaŋ,go sam sami-ro bʌ,kãŋa sim-po nitsʰo-tsi mi-hiŋe,aŋu-kajo suk-li wa/nana mo-t-a,uŋ-umbiʔ riʈeme-titsu bamme,uŋpo suk-pu ʌ-we-jʌ munu,aŋu tin-dzʌna baini-tsʌ moni,om sup-po nana-tsi tuwea,omi suk-pʌ nana tuda,uŋ-suk-poŋ nana-tsi mə-juŋja,kə̃-lo sumka nitsʰə-tsi tui-mi,ãkʰi baini sã baʔta,ama su-le lwak-mim bu-mi,uŋ sum-dzʌn ɓine ɓam,ka-nuŋ sum-paŋ na-tsi waiʔŋa,akko sum-bʰaŋ ma-nisa-tse juŋno,metstsʰama aŋ-nu-tse sum-gʌ-pok mʌ-jaŋtsʰʌ,kami sum-pa nusa-tsi tsup-mi,kaŋmi sumku-baŋ mimtsʰa netsʰa-tsi tsu-mi,kaha sum-baŋ  mitsenaŋ mijatsʰa-tsʰi juŋga,kahaŋ sumbaŋ unuma-si juŋga,kaŋmi sum-baŋ nisa-dzi ʈum-me,sum-baŋ andza-tsi watsetstsi,gaaka sum-baŋ mijatsʰa antsʰa-tsʰi juŋne,ŋʌkaha sum-baŋ mjatsʰa a-nu-tsʰa-tsʰi juŋŋa,a-nsaʔ sum-si mɛwaʔ,,,,,,,,,,,,,,
I have one almirah.,ɘŋka-sudda ɘk-tet dʌradz juŋjaŋ,go kʌŋ dʌradz bʌ,kãŋa i-ʈo dʌradz heŋe,aŋu-kajo tuk-li dəradz go-t-a,uŋ-umbiʔ kwaʔ dʌradz bam,uŋ-kolo tu-bʌ almari gɵ,aŋu oko dzʌradz godi,o-pi ik-bum dʌradz tuwea,kaŋ-lo u-bou kʰopi tuda,-,kə̃-lo itta tamurisuŋ tui,go-nu dʌradz ka baʔta,ama ko-le dape bu,uŋ kwal dʌradz ɓam,ka-nuŋ eko dʌradz waiʔŋa,akko-be: ʈʰiʈʈa dʌradz juŋno,ʌ͂ka-nʌŋ ʌk-po ʌlmari jaŋtsʰʌ,kaŋa-nuŋ ekko dʌradz tsu,ka-nuŋ ekku dʌkʰija tsu,ka-lok ʈʰili almari juŋga,kahaŋ upaŋ almari juŋga,ka-nuŋ ikko almari ʈu-je,aŋa-lok ʈʰik almari juŋgwa,ga-mi kolok dʌradz juŋne,ŋʌka-lo i-giɖa almari juŋŋa,aŋgaʔ-nu lʌtʰik kʰjaŋ kʌttu,,,,,,,,,,,,,,
I have two almirahs.,ɘŋka-sudda hwa-tet dʌradz-tsi juŋtsiŋ-tsi,go niksi dʌradz-ro bʌ,kãŋa haka-ra dʌradz-tsi hiŋe,aŋu-kajo sək-li dəradz go-t-a,uŋ-umbiʔ dui-goʔ dʌradz bam,uŋ-kolo sak-bʌ almari gɵ,aŋu dui-oʈa dʌradz godi,o-pi nits-tsi dʌradz tuwea,kaŋ-lo nis-bou kʰopi tuda,-,kə̃-lo hisa tamurisuŋ-tsi tui,go-nu dʌradz niʔsi baʔta,ama nə-le dape-tsip bu-tsi,uŋ nis-gwaɖ dʌradz ɓam,ka-nuŋ hi-tsi dʌradz-tsi waiʔŋa,akko-be: hitstse dʌradz-tse juŋno,ʌ͂ka-nʌŋ hik-kʌ-po ʌlmari jaŋtsʰʌ,kaŋa-nuŋ hi:tstsi: dʌradz tsu,ka-nuŋ hɨkbom dʌkʰija tsu,ka-lok hitstsi almari-tsʰi juŋga,kahaŋ dui-ʈa almari juŋga,ka-nuŋ nitstsi almari ʈu-ha,aŋa-lok ippok almari juŋgwa,ga-mi sippok dʌradz-tsʰi juŋne,ŋʌka-lo si-giɖa almari-tsʰi juŋŋa,aŋgaʔ-nu nɛt-tsʰi kʰjaŋ-haʔ kʌttu-si,,,,,,,,,,,,,,
I have one bag,ɘŋka-sudda ɘk-tet bekʰa juŋjaŋ,go kʌŋ salama bʌ,kãŋa i-ʈo jokʰo heŋe,aŋu-kajo tuk-li pʰjaksum go-t-a,uŋ-umbiʔ kwaʔ dzʰwala bam,uŋ-kolo tu-bʌ dzʰola gɵ,aŋu oko dzʰola godi,o-pi ik-bum pʰaksu tuwea,kaŋ-lo u-bou pʰʌksu tuda,ŋa ək-ta hikʰa toŋa-ŋa,kə̃-lo itta namdza tui,go-nu dzʰola ka baʔta,ama ko-le pʰadzi bu,uŋ kwal glube ɓam,ka-nuŋ eko kʰesup waiʔŋa,akko-be: ʈʰiʈʈa bekʰa juŋno,ʌ͂ka-nʌŋ ʌk-po bekʰa jaŋtsʰʌ,kaŋa-nuŋ ekko bɛkkʰa tsu,ka-nuŋ ekku dzarba tsu,ka-lok ʈʰili bekʰa juŋga,kahaŋ upaŋ bekʰa juŋga,ka-nuŋ ikko tsʌbra ʈu-je,aŋa-lok ʈʰik tsamsupma juŋgwa,ga-mi kolok bekʰa juŋne,ŋʌka-lo i-giɖa dzaprak juŋŋa,aŋgaʔ-nu suːkwa tʰik kʌttu,,,,,,,,,,,,,,
I have three bags,ɘŋka-sudda sumka-tet bekʰa-tsi mʌ-juŋjaŋ,go sam salama-ro bʌ,kãŋa sim-ra jokʰo-tsi hiŋe,aŋu-kajo suk-li pʰjaksum go-t-a,uŋ-umbiʔ tin-goʔ dzʰwala bam,uŋ-kolo suk-bʌ dzʰola gɵ,aŋu tin-oʈa dzʰola godi,o-pi suk-tsi pʰaksu tuwea,kaŋ-lo su-bou pʰʌksu tuda,ŋa sum-ra hikʰa toŋa-ŋa,kə̃-lo sumka namdza-tsi tui,go-nu dzʰola sã baʔta,ama su-le pʰadzi bu,uŋ sum-gwaɖ glube ɓam,ka-nuŋ sum-tsi kʰesup-tsi waiʔŋa,akko-be: sumtse bekʰa-tse juŋno,ʌ͂kʌ-nʌŋ sum-gʌ-po bekʰa jaŋtsʰʌ,kaŋa-nuŋ sumtsi: bɛkkʰa tsu,ka-nuŋ sumkubom dzarba tsu,ka-lok sumtsi bekʰa-tsʰi juŋga,jakloma,ka-nuŋ sumdzi tsʌbra ʈu-ha,aŋa-lok sumbok-oʈa tsamsupma-tsi juŋgwa,ga-mi sumbok bekʰa-tsʰi juŋne,ŋʌka-lo sum-giɖa dzaprak-tsʰi juŋŋa,aŋgaʔ-nu suːkwa sum-si kʌttuŋsiŋ,,,,,,,,,,,,,,
I have four bags,ɘŋka-sudda pʰek-tet bekʰa-tsi mʌ-juŋjaŋ,go ljam salama-ro bʌ,kãŋa lju-ra jokʰo-tsi hiŋe,aŋu-kajo buk-li pʰjaksum go-t-a,uŋ-umbiʔ tsar-goʔ dzʰwala bam,uŋ-kolo bʰɛl-bʌ dzʰola gɵ,aŋu tsar-oʈa dzʰola godi,o-pi lik-tsi pʰaksu tuwea,kaŋ-lo lik-bou pʰʌksu tuda,ŋa tsuk-ra hikʰa toŋa-ŋa,kə̃-lo lə̃ka namdza-tsi tui,go-nu tsar-oʈa dzʰola baʔta,ama blə-le pʰadzi bu,uŋ pʰib-gwaɖ glube ɓam,ka-nuŋ na-tsi kʰesup-tsi waiʔŋa,akko-be: tsar-eɖa bekʰa-tse juŋno,ʌ͂kʌ-nʌŋ pʰek-kʌ-po bekʰa jaŋtsʰʌ,kaŋa-nuŋ ri:tsi: bɛkkʰa tsu,ka-nuŋ likbom dzarba tsu,ka-lok tsar-oʈa bekʰa-tsʰi juŋga,haikoma,ka-nuŋ rium tsʌbra ʈu-ha,aŋa-lok ʈembok-oʈa tsamsupma-tsi juŋgwa,ga-mi tsar-eɖa bekʰa-tsʰi juŋne,ŋʌka-lo tsar-giɖa dzaprak-tʰi juŋŋa,aŋgaʔ-nu suːkwa li-si kʌttuŋsiŋ,,,,,,,,,,,,,,
,,,,,,,,,,,,,,,,,,,,,,,,,,,,,,,,,,,,,,,,
Ordinals (Values),,,,,,,,,,,,,,,,,,,,,,,,,,,,,,,,,,,,,,,,
First,bud-au,ŋal-la/ŋal-lam,busim,lamlum,lapʰpʰulna,lɛlmim,pʌhilo,laispi,laispi,busit/ək-kətep,it-lam,ŋoĩti,ŋado,ɗambi,-,-,pusʌ,ja?li:/ja?loe,tsʰokpitub,usu,usukʰa,jakloma,-,ʌgaɖi,pʌhilo,tʰik-sigek,,,,,,,,,,,,,,
Second,hw-au,ni-lam,ha-karuŋ,mambikam,kʰatsina,lʉpphi,dosro,dospi,dʌskapi,daŋ/əsə-kətep,his-lam,datɛ,tsəktʰjo,nʌuʈhaŋ,-,-,-,lumpi,tsʰoŋkʰu?ma?mubʌ,eŋsi,jaŋsikʰa,haikoma,-,eŋso,dosro,ni-sigek,,,,,,,,,,,,,,
Third,sumk-au,sam-tʰam,sim-ruŋ,jəpakam,nʌupʰalna,kʰɛle,tesro,-,umdʌskapi,sum/sum-kətep,sum-lam,ŋolɛ,-,-,-,-,-,ɖɛŋpi,momikʰu?ma?mubʌ,-,-,-,-,-,tesro,sum-sigek,,,,,,,,,,,,,,
Fourth,pʰek-au,le-tʰam,lju-ruŋ,-,-,-,tsʌutʰo,-,abedʌska,tsuk-kətep,lə̃k-lam,-,-,-,-,-,-,-,-,-,-,-,-,-,tsʌutʰʌu,li-sigek,,,,,,,,,,,,,,
Fifth,tsʰuk-au,ŋo-tʰam,ŋa-ruŋ,-,-,-,pãts-ʌu,-,-,tsip-kətep,nə̃k-lam,-,-,-,-,-,-,-,-,-,-,-,-,-,pa͂tsʌu,ŋa-sigek,,,,,,,,,,,,,,
Sixth,tuk-au,ruk-tʰam,tuka-ruŋ,-,-,-,tsʰʌiʈʰ-ʌu,-,-,tsʰet-kətep,tsuk-lam,-,-,-,-,-,-,-,-,-,-,-,-,-,tsʰʌitʰʌu,tuk-sigek,,,,,,,,,,,,,,
Seventh,sek-au,tsanni-tʰam,suka-ruŋ,-,-,-,sat-ʌu,-,-,set-kətep,sa-lam,-,-,-,-,-,-,-,-,-,-,-,-,-,satʌu,nu-sigek,,,,,,,,,,,,,,
Eighth,rek-au,ja-tʰam,nuka-ruŋ,-,-,-,aʈʰ-ʌu,-,-,ret-kətep,rek-lam,-,-,-,-,-,-,-,-,-,-,-,-,-,aʈʰʌu,jɛt-sigek,,,,,,,,,,,,,,
Nineth,nek-au,gʰu-tʰam,nunam-ruŋ,-,-,-,nʌw-ʌu,-,-,let-kətep,ŋək-lam,-,-,-,-,-,-,-,-,-,-,-,-,-,nʌwʌu,pʰaŋ-sigek,,,,,,,,,,,,,,
Tenth,pʌ-au,kʌdem-tʰam,ik-nam-ruŋ,-,-,-,dʌs-ʌu,-,-,dzʰup-kətep,it-hop-lam,-,-,-,-,-,-,-,-,-,-,-,-,-,dʌsʌu,tʰi-boŋ-sigek,,,,,,,,,,,,,,
Eleventh,pʌ-ɘk-au,kʌdem-kʌŋ-tʰam,ik-ik-ruŋ,-,-,-,egʰar-ʌu,-,-,dzʰup-ək-kətep,it-it-lam,-,-,-,-,-,-,-,-,-,-,-,-,-,egʰarʌu,tʰi-boŋaŋ tʰik-sigek,,,,,,,,,,,,,,
Twelvth,pʌ-hw-au,kʌdem-nil-la,iha-ruŋ,-,-,-,barh-ʌu,-,-,dzʰup-əsə-kətep,it-his-lam,-,-,-,-,-,-,-,-,-,-,-,-,-,bahrʌu,tʰi-boŋaŋ ni-sigek,,,,,,,,,,,,,,
Thirteenth,pʌ-sum-kau,kʌdem-sam-tʰam,i-sim-ruŋ,-,-,-,tehr-ʌu,-,-,dzʰup-sum-kətep,it-sum-lam,-,-,-,-,-,-,-,-,-,-,-,-,-,tehrʌu,tʰi-boŋaŋ sum-sigek,,,,,,,,,,,,,,
Fourteenth,pʌ-pʰe-kau,kʌdem-le-tʰam,i-lju-ruŋ,-,-,-,tsʌud-ʌu,-,-,dzʰup-tsup-kətep,it-lə̃k-lam,-,-,-,-,-,-,-,-,-,-,-,-,-,tsʌudʰʌu,tʰi-boŋaŋ li-sigek,,,,,,,,,,,,,,
Fifteenth,pɘ-tsʰu-kau,kʌdem-ŋo-tʰam,ik-ŋa-ruŋ,-,-,-,pʌndr-ʌu,-,-,dzʰup-tsʰit-kətep,it-nə̃k-lam,-,-,-,-,-,-,-,-,-,-,-,-,-,pʌndrʌu,tʰi-boŋaŋ ŋa-sigek,,,,,,,,,,,,,,
Sixteenth,pʌ-tuk-au,kʌdem-ruk-tʰam,ik-tuka-ruŋ,-,-,-,sorh-ʌu,-,-,dzʰup-tsʰet-kətep,it-tsuk-lam,-,-,-,-,-,-,-,-,-,-,-,-,-,sorʌu,tʰi-boŋaŋ tuk-sigek,,,,,,,,,,,,,,
Seventeenth,pʌ-se-kau,kʌdem-tsanni-tʰam,ik-suka-ruŋ,-,-,-,sʌtr-ʌu,-,-,dzʰup-set-kətep,it-sa-lam,-,-,-,-,-,-,-,-,-,-,-,-,-,sʌtrʌu,tʰi-boŋaŋ nu-sigek,,,,,,,,,,,,,,
Eighteenth,pʌ-re-kau,kʌdem-ja-tʰam,ik-nuka-ruŋ,-,-,-,aʈʰar-ʌu,-,-,dzʰup-ret-kətep,it-rek-lam,-,-,-,-,-,-,-,-,-,-,-,-,-,aʈʰahrʌu,tʰi-boŋaŋ jɛt-sigek,,,,,,,,,,,,,,
Nineteenth,pʌ-nek-au,kʌdem-gʰu-tʰam,ik-nunam-ruŋ,-,-,-,unnais-ʌu,-,-,dzʰup-let-kətep,it-ŋək-lam,-,-,-,-,-,-,-,-,-,-,-,-,-,unnʌisʌu,tʰi-boŋaŋ pʰaŋ-sigek,,,,,,,,,,,,,,
Twentyth,hʌp-au,asim-tʰam,ha-nam-ruŋ,-,-,-,bis-ʌu,-,-,lup-kətep,his-hop-lam,-,-,-,-,-,-,-,-,-,-,-,-,-,bisʌu,ni-boŋ-sigek,,,,,,,,,,,,,,
Twenty first,hʌpʌu-budau,asim-kʌŋ-tʰam,ha-nam-busim,-,-,-,ekkais-ʌu,-,-,lup-ək-kətep,his-hop-it-lam,-,-,-,-,-,-,-,-,-,-,-,-,-,ekkaisʌu,ni-boŋaŋ tʰik-sigek,,,,,,,,,,,,,,
Twenty second,hʌpʌu-hw-au,asim-nil-la,ha-nam-ha-ruŋ,-,-,-,bais-ʌu,-,-,lup-əsə-kətep,his-hop-his-lam,-,-,-,-,-,-,-,-,-,-,-,-,-,baisʌu,ni-boŋaŋ nɛt-sigek,,,,,,,,,,,,,,
,,,,,,,,,,,,,,,,,,,,,,,,,,,,,,,,,,,,,,,,
Ordinals (Examples),,,,,,,,,,,,,,,,,,,,,,,,,,,,,,,,,,,,,,,,
First man.,budau duwatsʰʌ,ŋal-la/ŋal-lam waisa,busim mina,lamlum minu,lapʰpʰulna waʈʈep,lɛlmim lɛsbɛ,pʌhilo lantsuba,laispi wattsʰa,laispi watstsʰa,busit/ək-tep kəta-pa,it-lam watstsʰa,ŋoĩti wãĩsmur,ŋado mjutsju,ɗambi mujo,-,suru-ko pa,pusʌg mertsʰa,ja?li:/ja?loe waʈʰaŋpa,tsʰokpitub mina,usu-kʰa patsʰa,usukʰa jʌmbitsʰa,jakloma ja?mi,-,-,pʌhilo jembitsʰa,tʰik-sigek-pa mʌna,,,,,,,,,,,,,,
Second man.,hw-au duwatsʰʌ,ni-lam waisa,haka-ruŋ mina,mambikam minu,kʰatsina waʈʈep,lʉpphi lɛsbɛ,dosro lantsuba,dospi wattsʰa,dʌskapi watstsʰa,daŋ/əsə-tep kəta-pa,his-lam watstsʰa,datɛ wãĩsmur,tsəktʰjo mjutsju,-,-,bitstsʌ-ko pa,-,hoikʌ waʈʰaŋpa,tsʰoŋkʰu?ma?mubʌ mina,eŋsi-kʰa patsʰa,jaŋsikʰa jʌmbitsʰa,haikoma ja?mi,-,-,dosro jembitsʰa,ni-sigek-pa mʌna,,,,,,,,,,,,,,
Third man.,sumk-au duwatsʰʌ,sam-tʰam waisa,sim-ruŋ mina,jəpakam minu,nʌupʰalna waʈʈep,kʰɛle lɛsbɛ,tesro lantsuba,-,umdʌskapi watstsʰa,sum/sum-tep kəta-pa,sum-lam watstsʰa,ŋolɛ wãĩsmur,-,-,-,-,-,-,momikʰu?ma?mubʌ mina,-,-,-,-,-,tesro jembitsʰa,sum-sigek-pa mʌna,,,,,,,,,,,,,,
Forth man.,pʰek-au duwatsʰʌ,le-tʰam waisa,lju-ruŋ mina,-,-,-,tsʌutʰo lantsuba,-,abedʌskapi watstsʰa,tsuk-tep kəta-pa,lə̃k-lam watstsʰa,-,-,-,-,-,-,-,-,-,-,-,-,-,tsʌutʰʌu jembitsʰa,li-sigek-pa mʌna,,,,,,,,,,,,,,
Fifth man.,tsʰuk-au duwatsʰʌ,ŋo/ŋʌ-tʰam waisa,ŋa-ruŋ mina,-,-,-,pãts-ʌu lantsuba,-,-,tsʰit-tep kəta-pa,nə̃k-lam watstsʰa,-,-,-,-,-,-,-,-,-,-,-,-,-,pa͂tsʌu jembitsʰa,ŋa-sigek-pa mʌna,,,,,,,,,,,,,,
First woman,budau metstsʰatsʰa,ŋalla/ŋallam mintsa,busim mari,lamlum misma,lapʰpʰulna meʈʈep,lɛlmim melsem,pʌhilo mintsuma,laispi mimtsʰa,laispi mimtsʰa,ək-tep kəta-ma,it-lam mimatsʰa,ŋoĩti mĩsmur,ŋado mesem,ɗambi ɓitso,-,suru-ko ma,pusʌg metstsʰama,ja?li:/ja?loe me?nuŋma,tsʰokpitubʌ mimtsʰa,usu-kʰa mijatsʰa,usukʰa mijatsʰa,jakloma me?nami?,-,-,pʌhilo mjatsʰa,tʰik-sigek-ma mɛntsʰuma,,,,,,,,,,,,,,
Second woman,hw-au metstsʰatsʰa,ni-lam mintsa,haka-ruŋ mari,mambikam misma,kʰatsina meʈʈep,lʉpphi melsem,dosro mintsuma,dospi mimtsʰa,dʌskapi mimtsʰa,əsə-tep kəta-ma,his-lam mimatsʰa,datɛ mĩsmur,tsəktʰjo mesem,-,-,bitstsʌ-ko ma,-,hoikʌ me?nuŋma,tsʰoŋkʰu?ma?mubʌ mimtsʰa,eŋsi-kʰa mijatsʰa,jaŋsikʰa mijatsʰa,haikoma me?nami?,-,-,dosro mjatsʰa,ni-sigek-ma mɛntsʰuma,,,,,,,,,,,,,,
Third woman,sumk-au metstsʰatsʰa,sam-tʰam mintsa,sim-ruŋ mari,jəpakam misma,nʌupʰalna meʈʈep,kʰɛle melsem,tesro mintsuma,-,umdʌskapi mimtsʰa,sum-tep kəta-ma,sum-lam mimatsʰa,ŋolɛ mĩsmur,-,-,-,-,-,-,momikʰu?ma?mubʌ mimtsʰa,-,-,-,-,-,tesro mjatsʰa,sum-sigek-ma mɛntsʰuma,,,,,,,,,,,,,,
Forth woman,pʰek-au metstsʰatsʰa,le-tʰam mintsa,lju-ruŋ mari,-,-,-,tsʌutʰo mintsuma,-,abedʌskapi mimtsʰa,tsuk-tep kəta-ma,lə̃k-lam mimatsʰa,-,-,-,-,-,-,-,-,-,-,-,-,-,tsʌutʰʌu mjatsʰa,li-sigek-ma mɛntsʰuma,,,,,,,,,,,,,,
Fifth woman,tsʰuk-au metstsʰatsʰa,ŋo/ŋʌ-tʰam mintsa,ŋa-ruŋ mari,-,-,-,pãts-ʌu mintsuma,-,-,tsʰit-tep kəta-ma,nə̃k-lam mimatsʰa,-,-,-,-,-,-,-,-,-,-,-,-,-,pa͂tsʌu mjatsʰa,ŋa-sigek-ma mɛntsʰuma,,,,,,,,,,,,,,
Sixth woman,tuk-au metstsʰatsʰa,ruk-tʰam mintsa,tuka-ruŋ mari,-,-,-,tsʰʌiʈʰ-ʌu mintsuma,-,-,tsʰet-tep kəta-ma,tsuk-lam mimatsʰa,-,-,-,-,-,-,-,-,-,-,-,-,-,tsʰʌiʈʰʌu mjatsʰa,tuk-sigek-ma mɛntsʰuma,,,,,,,,,,,,,,
Seventh boy,sek-au duwatsʰa,tsanni-tʰam waisa,suka-ruŋ mina,-,-,-,sat-ʌu mintsuma,-,-,set-tep tʰəroŋtsʰa,sa-lam watstsʰa,-,-,-,-,-,-,-,-,-,-,-,-,-,satʌu jembitsʰa,nu-sigek-pa laja,,,,,,,,,,,,,,
Eighth girl.,rek-au metstsʰatsʰa,ja-tʰam mintsa,nuka-ruŋ tsʰʌikuma,-,-,-,aʈʰ-ʌu mintsuma,-,-,ret-tep martsʰa,rek-lam mimatsʰa,-,-,-,-,-,-,-,-,-,-,-,-,-,aʈʰʌu mjatsʰa,jɛt-sigek-ma mamu,,,,,,,,,,,,,,
,,,,,,,,,,,,,,,,,,,,,,,,,,,,,,,,,,,,,,,,
Fractions (Values),,,,,,,,,,,,,,,,,,,,,,,,,,,,,,,,,,,,,,,,
1/2,ɘk-ɖʰaŋ,adʰa,adʰa,adʰa,kwaʔkwʌpʈʌjar,kʰoŋle,adʰi,mʌrapi,hapa,ək-ɖʰaŋ,bəkʰələ,pʰɛkjo-ka,pʰwaktsjolə,kwalpʰaktsjal,utsabelek,aɖʰi,adʰi,barɛk,iʈʈe?wa,adʰa,-,hɛk,opʰara,tipʰari,ipʰaɖa,kubʰrɛŋ,,,,,,,,,,,,,,
2/3,sumka bʰuŋ-da hwa bʰuŋ,sam pʰala-di niksi pʰala,sim-da haka-ruŋ,dui tihai,-,suk bʰag-bi sak bʰag,tin bʰag-bi dui bʰag,-,suk-ham-pi nis-ham,sum-do əsə,sumka-pi hisa,tin-bʰag-mi dui-bʰag,-,-,-,sumtse tsoiʈa-be: hitstse tsoiʈa,-,-,-,sumtsi bʰag-be hitstsi bʰag,-,-,-,sum-bʰag-a-mi si-bʰag-a,-,sum lʌk-rɛn nɛt lʌk,,,,,,,,,,,,,,
3/4,pʰek bʰuŋ-da sumka bʰuŋ,ljam/le pʰala-di sam pʰala,lju-da sim-ra,tin tsəutʰai,-,bʰɛl bʰag-bi suk bʰag,tsar bʰag-bi tin bʰag,-,lik-ham-pi suk-ham,tsuk-do sum,ə̃ka-pi sumka,tsar-bʰag-mi tin-bʰag,-,-,-,tsar-bʰaga-be: sumtse-bʰaga,-,-,-,tsar bʰag-be sumtsi bʰag,-,-,-,tsar-bʰag-a-mi sum-bʰag-a,-,li lʌk-rɛn sum lʌk,,,,,,,,,,,,,,
1/4,pʰek bʰuŋ-da ɘk bʰuŋ,ljam/le pʰala-di kʌŋ pʰala,lju-da i-ʈo,ek tsəutʰai,-,bʰɛl bʰag-bi tu bʰag,tsar bʰag-bi uk bʰag,-,lik-ham-pi uk-ham,tsuk-do ək,lə̃ka-pi itta,tsar-bʰag-mi bʰag-ka,-,-,-,tsar-bʰaga-be: ʈʰiʈʈa-bʰaga,-,-,-,tsar bʰag-be ʈʰili bʰag,-,-,-,tsar-bʰag-a-mi ʈi-bʰag-a,-,li lʌk-rɛn tʰik lʌk,,,,,,,,,,,,,,
1/5,tsʰuk bʰuŋ-da ɘk bʰuŋ,ŋo pʰala-di kʌŋ pʰala,ŋa-da i-ruŋ,ek pãtsəu bʰag,-,bʰjoŋ bʰag-bi tu bʰag,pãts bʰag-bi uk bʰag,-,ŋak-ham-pi uk-ham,tsʰik-do ək,nə̃ka-pi itta,pãts-bʰag-mi bʰag-ka,-,-,-,pãts-eɖa tsoiʈa-be: ʈʰiʈʈa tsoiʈa,-,-,-,pãts bʰag-be ʈʰili bʰag,-,-,-,pa͂ts-bʰag-a-mi kolok-bʰag-a,-,ŋa lʌk-rɛn tʰik lʌk,,,,,,,,,,,,,,
2/7,sek bʰuŋ-da hwa bʰuŋ,tsanni pʰala-di niksi pʰala,suka-da haka-ra,sat-bi dui bʰag,-,sat bʰag-bi sak bʰag,sat bʰag-bi dui bʰag,-,nuk-ham-pi nis-ham,set-do əsə,sawa-pi hisa,sat-bʰag-mi dui-bʰag,-,-,-,sat-bʰaga-be: hitstse-bʰaga,-,-,-,sat bʰag-be hitstsi bʰag,-,-,-,sat-bʰag-a-mi sip-bʰag-a,-,nu lʌk-rɛn nɛt lʌk,,,,,,,,,,,,,,
3/7,sek bʰuŋ-da sum bʰuŋ,tsanni pʰala-di sam pʰala,suka-da sim-ra,sat-bi tin bʰag,-,sat bʰag-bi suk bʰag,sat bʰag-bi tin bʰag,-,nuk-ham-pi suk-ham,set-do sum,sumka nuwabə,sat-bʰag-mi tin-bʰag,-,-,-,sat-bʰaga-be: sumtse-bʰaga,-,-,-,sat bʰag-be sumtsi bʰag,-,-,-,sat-bʰag-a-mi sum-bʰag-a,-,nu lʌk-rɛn sum lʌk,,,,,,,,,,,,,,
3/5,tsʰuk bʰuŋ-da ɘk sum bʰuŋ,ŋo pʰala-di sam pʰala,ŋa-da sim-ra,pãts-bi tin bʰag,-,bʰjoŋ bʰag-bi suk bʰag,pãts bʰag-bi tin bʰag,-,ŋuk-ham-pi suk-ham,tsʰik-do sum,nə̃ka-pi sumka,pãts-bʰag-mi tin-bʰag,-,-,-,-,-,-,-,-,-,-,-,-,-,-,,,,,,,,,,,,,,
2/6,tuk bʰuŋ-da hwa bʰuŋ,rukwa pʰala-di niksi pʰala,tuka-da haka-ruŋ,tsʰə-bi dui bʰag,-,tsʰʌ bʰag-bi sak bʰag,tsʰʌ bʰag-bi dui bʰag,-,tuk-ham-pi nis-ham,tsʰet-do əsə,tsuki-pi hisa,tsʰʌ-bʰag-mi dui-bʰag,-,-,-,-,-,-,-,-,-,-,-,-,-,-,,,,,,,,,,,,,,
1/16,pʌ-tuk bʰuŋ-da ɘk bʰuŋ,kʌdem rukwa pʰala-di kʌŋ pʰala,i-tuka-da i-ruŋ,sohrə-bi tuk bʰag,-,sohrʌ bʰag-bi tu bʰag,sorhʌ bʰag-bi uk bʰag,-,pʌu-tuk-pi uk-ham,dzʰup-tsʰet-do ək,it-tsuk-pi itta,sorhʌ-bʰag-mi bʰag-ka,-,-,-,sorhʌ-eɖa tsoiʈa-be: ʈʰiʈʈa tsoiʈa,-,-,-,sorʌh bʰag-be ʈʰili bʰag,-,-,-,sorʌh-bʰag-a-mi ʈi-bʰag-a,-,tʰi-boŋŋaŋ tuk lʌk-rɛn tʰik lʌk,,,,,,,,,,,,,,
1/10,pʌu bʰuŋ-da ɘk bʰuŋ,kʌdem pʰala-di kʌŋ pʰala,i-nam-da i-ʈo,dəs-bi tuk bʰag,-,tʌdʌm bʰag-bi tu bʰag,dʌs bʰag-bi uk bʰag,-,pʌu-ham-pi uk-ham,dzʰup-do ək,it-hop-pi itta,dʌs-bʰag-mi bʰag-ka,-,-,-,dʌs-bʰaga-be: ʈʰiʈʈa bʰaga,-,-,-,dʌs bʰag kitab-be ʈʰili bʰag,-,-,-,dʌs-bʰag-a kitab-mi ʈi-bʰag-a,-,tʰi-boŋ lʌk-rɛn tʰik lʌk,,,,,,,,,,,,,,
,,,,,,,,,,,,,,,,,,,,,,,,,,,,,,,,,,,,,,,,
Fractions (Examples),,,,,,,,,,,,,,,,,,,,,,,,,,,,,,,,,,,,,,,,
I ate 1/2 of the Pizza.,ɘŋka ɘk-ɖʰaŋ pidzdza ts-o-ŋ,go/gu-mi adʰa pidzdza dza-tʌŋ,kã adʰa pidzdza tsu-ŋa,aŋu-a adʰa pidzdza dzə-ŋ-u,uŋ kwaʔkwʌpʈʌjar pidzdza dzʌuma,uŋ-ɛ kʰoŋle pidzdza dzûŋtʌ,aŋ-a adʰi pidzdza dza-ŋa,koŋ-a mʌrapi pidzdza tso-o,kaŋ-a hapa pidzdza tsʌ,ŋa-a ək-ɖʰaŋ pidzdza tso-oŋ,kə̃ bəkʰələ pidzdza ts-u-ŋ,go pʰɛkjo-ka pidzdza dzataŋ,go ko pʰwaktsjolə pidza peu-to,uŋgu-kʰo kwalpʰaktsjal pidzdza dza-me,ka utsabelek pidzdza tsa-ŋa,akka aɖʰi pidzdza tsaŋhe͂,ʌ͂ka-a adʰi pidzdza tsoŋ,kaŋ-ɛ barɛk pidzdza tsʌ:uŋ,k-ɛ iʈʈe?wa pidzdza tsauŋ,ka-ŋa adʰa pidzdza tsasae͂,-,k-ɛ? hɛk pidzdza tsosuŋ,opʰara pidzdza tsaŋe,ga tipʰari pidzdza tsaŋŋe,ŋʌka ipʰaɖa pidzdza tsaheŋ,aŋgaʔ kubʰrɛŋ pidzdza tsaŋ,,,,,,,,,,,,,,
I ate 2/3 of the Pizza.,ɘŋka sumka bʰuŋ-da hwa bʰuŋ pidzdza ts-o-ŋ,go/gu-mi sam pʰala-di niksi pʰala pidzdza dza-tʌŋ,kã sim-da haka-ruŋ pidzdza tsu-ŋa,aŋu-a dui tihai pidzdza dzə-ŋ-u,-,uŋ-ɛ suk bʰag-bi sak bʰag pidzdza dzûŋtʌ,aŋ-a tin bʰag-bi dui bʰag pidzdza dza-ŋa,-,kaŋ-a suk-ham-pi nis-ham pidzdza tsʌ,ŋa-a sum-do əsə pidzdza tso-oŋ,kə̃ sumka-pi hisa pidzdza ts-u-ŋ,go tin-bʰag-mi dui-bʰag pidzdza dzataŋ,-,-,-,akka sumtse tsoiʈa-be: hitstse tsoiʈa pidzdza tsaŋhe͂,-,-,-,ka-ŋa sumtsi bʰag-be hitstsi bʰag pidzdza tsasae͂,-,-,-,ga sum-bʰag-a-mi si-bʰag-a pidzdza tsaŋŋe,-,aŋgaʔ sum lʌk-rɛn nɛt lʌk pidzdza tsaŋ,,,,,,,,,,,,,,
I read 3/4 of the book.,ɘŋka pʰek bʰuŋ-da sumka bʰuŋ kʰiplabʰuŋ kʰipʈ-ɘ-ŋ,go/gu-mi ljam/le pʰala-di sam pʰala rjaŋmapljap pʌɖe pa-tʌŋ,kã lju-da sim-ra tsʰabla kʰipdu-ŋa,aŋu-a tin tsəutʰai kitab dzet-u,-,uŋ-ɛ bʰɛl bʰag-bi suk bʰag kitab paɖʌi mûŋtʌ,aŋ-a tsar bʰag-bi tin bʰag kitab pʌɖe-tsʰuktsʰu,-,kaŋ-a lik-ham-pi suk-ham rukʰʌm nijuŋ,ŋa-a tsuk-do sum tsʰablakʰip kʰip-duŋ,kə̃ lə̃ka-pi sumka nuwabə nin-u-ŋ,go tsar-bʰag-mi tin-bʰag kitab paɖeta,-,-,-,akka kitabʌ-be-ko tsar-bʰaga-be: sumtse-bʰaga pʌɖenumɖuhe͂,-,-,-,ka-ŋa tsar bʰag kitab-be sumtsi bʰag pʌɖalusae͂,-,-,-,ga tsar-bʰag-a kitab-mi sum-bʰag-a ŋeɖuŋe,-,aŋgaʔ sappʌn-rɛn li lʌk-rɛn sum lʌk niruŋ,,,,,,,,,,,,,,
I read 1/4 of the book.,ɘŋka pʰek bʰuŋ-da ɘk bʰuŋ kʰiplabʰuŋ kʰipʈ-ɘ-ŋ,go/gu-mi ljam/le pʰala-di kʌŋ pʰala rjaŋmapljap pʌɖe pa-tʌŋ,kã lju-da i-ʈo tsʰabla kʰipdu-ŋa,aŋu-a ek tsəutʰai kitab dzet-u,-,uŋ-ɛ bʰɛl bʰag-bi tu bʰag kitab paɖʌi mûŋtʌ,aŋ-a tsar bʰag-bi uk bʰag kitab pʌɖe-tsʰuktsʰu,-,kaŋ-a lik-ham-pi uk-ham rukʰʌm nijuŋ,ŋa-a tsuk-do ək tsʰablakʰip kʰip-duŋ,kə̃ lə̃ka-pi itta nuwabə nin-u-ŋ,go tsar-bʰag-mi bʰag-ka kitab paɖeta,-,-,-,akka kitabʌ-be-ko tsar-bʰaga-be: ʈʰiʈʈa-bʰaga pʌɖenumɖuhe͂,-,-,-,ka-ŋa tsar bʰag kitab-be ʈʰili bʰag pʌɖalusae͂,-,-,-,ga tsar-bʰag-a kitab-mi ʈi-bʰag-a ŋeɖuŋe,-,aŋgaʔ sappʌn-rɛn li lʌk-rɛn tʰik lʌk niruŋ,,,,,,,,,,,,,,
I ate 1/5 of the Pizza.,ɘŋka tsʰuk bʰuŋ-da ɘk bʰuŋ pidzdza ts-o-ŋ,go/gu-mi ŋo pʰala-di kʌŋ pʰala pidzdza dza-tʌŋ,kã ŋa-da i-ruŋ pidzdza tsu-ŋa,aŋu-a ek pãtsəu bʰag pidzdza dzə-ŋ-u,-,uŋ-ɛ bʰjoŋ bʰag-bi tu bʰag pidzdza dzûŋtʌ,aŋ-a pãts bʰag-bi uk bʰag pidzdza dza-ŋa,-,kaŋ-a ŋak-ham-pi uk-ham pidzdza tsʌ,ŋa-a tsʰik-do ək pidzdza tso-oŋ,kə̃ nə̃ka-pi itta pidzdza ts-u-ŋ,go pãts-bʰag-mi bʰag-ka pidzdza dzataŋ,-,-,-,akka pãts-eɖa tsoiʈa-be: ʈʰiʈʈa tsoiʈa pidzdza tsaŋhe͂,-,-,-,ka-ŋa pãts bʰag-be ʈʰili bʰag pidzdza tsasae͂,-,-,-,ga pa͂ts-bʰag-a-mi kolok-bʰag-a pidzdza tsaŋŋe,-,aŋgaʔ ŋa lʌk-rɛn tʰik lʌk pidzdza tsaŋ,,,,,,,,,,,,,,
I read 2/7 of the book.,ɘŋka sek bʰuŋ-da hwa bʰuŋ kʰiplabʰuŋ kʰipʈ-ɘ-ŋ,go/gu-mi tsanni pʰala-di niksi pʰala rjaŋmapljap pʌɖe pa-tʌŋ,kã suka-da haka-ra tsʰabla kʰipdu-ŋa,aŋu-a sat-bi dui bʰag kitab dzet-u,-,uŋ-ɛ sat bʰag-bi sak bʰag kitab paɖʌi mûŋtʌ,aŋ-a sat bʰag-bi dui bʰag kitab pʌɖe-tsʰuktsʰu,-,kaŋ-a nuk-ham-pi nis-ham rukʰʌm nijuŋ,ŋa-a set-do əsə tsʰablakʰip kʰip-duŋ,kə̃ sawa-pi hisa nuwabə nin-u-ŋ,go sat-bʰag-mi dui-bʰag kitab paɖeta,-,-,-,akka kitabʌ-be-ko sat-bʰaga-be: hitstse-bʰaga pʌɖenumɖuhe͂,-,-,-,ka-ŋa sat bʰag kitab-be hitstsi bʰag pʌɖalusae͂,-,-,-,ga sat-bʰag-a kitab-mi sip-bʰag-a ŋeɖuŋe,-,aŋgaʔ sappʌn-rɛn nu lʌk-rɛn nɛt lʌk niruŋ,,,,,,,,,,,,,,
I read 3/7 of the book.,ɘŋka sek bʰuŋ-da sum bʰuŋ kʰiplabʰuŋ kʰipʈ-ɘ-ŋ,go/gu-mi tsanni pʰala-di sam pʰala rjaŋmapljap pʌɖe pa-tʌŋ,kã suka-da sim-ra tsʰabla kʰipdu-ŋa,aŋu-a sat-bi tin bʰag kitab dzet-u,-,uŋ-ɛ sat bʰag-bi suk bʰag kitab paɖʌi mûŋtʌ,aŋ-a sat bʰag-bi tin bʰag kitab pʌɖe-tsʰuktsʰu,-,kaŋ-a nuk-ham-pi suk-ham rukʰʌm nijuŋ,ŋa-a set-do sum tsʰablakʰip kʰip-duŋ,kə̃ sawa-pi sumka nuwabə nin-u-ŋ,go sat-bʰag-mi tin-bʰag kitab paɖeta,-,-,-,akka kitabʌ-be-ko sat-bʰaga-be: sumtse-bʰaga pʌɖenumɖuhe͂,-,-,-,ka-ŋa sat bʰag kitab-be sumtsi bʰag pʌɖalusae͂,-,-,-,ga sat-bʰag-a kitab-mi sum-bʰag-a ŋeɖuŋe,-,aŋgaʔ sappʌn-rɛn nu lʌk-rɛn sum lʌk niruŋ,,,,,,,,,,,,,,
I read 3/5 of the book.,ɘŋka tsʰuk bʰuŋ-da ɘk sum bʰuŋ kʰiplabʰuŋ kʰipʈ-ɘ-ŋ,go/gu-mi ŋo pʰala-di sam pʰala rjaŋmapljap pʌɖe pa-tʌŋ,kã ŋa-da sim-ra tsʰabla kʰipdu-ŋa,aŋu-a pãts-bi tin bʰag kitab dzet-u,-,uŋ-ɛ bʰjoŋ bʰag-bi suk bʰag kitab paɖʌi mûŋtʌ,aŋ-a pãts bʰag-bi tin bʰag kitab pʌɖe-tsʰuktsʰu,-,kaŋ-a ŋuk-ham-pi suk-ham rukʰʌm nijuŋ,ŋa-a tsʰik-do sum tsʰablakʰip kʰip-duŋ,kə̃ nə̃ka-pi sumka nuwabə nin-u-ŋ,go pãts-bʰag-mi tin-bʰag kitab paɖeta,-,-,-,-,-,-,-,-,-,-,-,-,-,-,,,,,,,,,,,,,,
I  ate 2/6 of the Pizza.,ɘŋka tuk bʰuŋ-da hwa bʰuŋ pidzdza ts-o-ŋ,go/gu-mi rukwa pʰala-di niksi pʰala pidzdza dza-tʌŋ,kã tuka-da haka-ruŋ pidzdza tsu-ŋa,aŋu-a tsʰə-bi dui bʰag pidzdza dzə-ŋ-u,-,uŋ-ɛ tsʰʌ bʰag-bi sak bʰag pidzdza dzûŋtʌ,aŋ-a tsʰʌ bʰag-bi dui bʰag pidzdza dza-ŋa,-,kaŋ-a tuk-ham-pi nis-ham pidzdza tsʌ,ŋa-a tsʰet-do əsə pidzdza tso-oŋ,kə̃ tsuki-pi hisa pidzdza ts-u-ŋ,go tsʰʌ-bʰag-mi dui-bʰag pidzdza dzataŋ,-,-,-,-,-,-,-,-,-,-,-,-,-,-,,,,,,,,,,,,,,
I ate 1/16 of thr pizza.,ɘŋka pʌ-tuk bʰuŋ-da ɘk bʰuŋ pidzdza ts-o-ŋ,go/gu-mi kʌdem rukwa pʰala-di kʌŋ pʰala pidzdza dza-tʌŋ,kã i-tuka-da i-ruŋ pidzdza tsu-ŋa,aŋu-a sohrə-bi tuk bʰag pidzdza dzə-ŋ-u,-,uŋ-ɛ sohrʌ bʰag-bi tu bʰag pidzdza dzûŋtʌ,aŋ-a sorhʌ bʰag-bi uk bʰag pidzdza dza-ŋa,-,kaŋ-a pʌu-tuk-ham-pi uk-ham pidzdza tsʌ,ŋa-a dzʰup-tsʰet-do ək pidzdza tso-oŋ,kə̃ it-tsuk-pi itta pidzdza ts-u-ŋ,go sorhʌ-bʰag-mi bʰag-ka pidzdza dzataŋ,-,-,-,akka sorhʌ-eɖa tsoiʈa-be: ʈʰiʈʈa tsoiʈa pidzdza tsaŋhe͂,-,-,-,ka-ŋa sorʌh bʰag-be ʈʰili bʰag pidzdza tsasae͂,-,-,-,ga sorʌh-bʰag-a-mi ʈi-bʰag-a pidzdza tsaŋŋe,-,aŋgaʔ tʰi-boŋŋaŋ tuk lʌk-rɛn tʰik lʌk pidzdza tsaŋ,,,,,,,,,,,,,,
I read 1/10 part of the book.,ɘŋka pʌu bʰuŋ-da ɘk bʰuŋ kʰiplabʰuŋ kʰipʈ-ɘ-ŋ,go/gu-mi kʌdem pʰala-di kʌŋ pʰala rjaŋmapljap pʌɖe pa-tʌŋ,kã i-nam-da i-ʈo tsʰabla kʰipdu-ŋa,aŋu-a dəs-bi tuk bʰag kitab dzet-u,-,uŋ-ɛ tʌdʌm bʰag-bi tu bʰag kitab paɖʌi mûŋtʌ,aŋ-a dʌs bʰag-bi uk bʰag kitab pʌɖe-tsʰuktsʰu,-,kaŋ-a pʌu-ham-pi uk-ham nukʰʌm nijuŋ,ŋa-a dzʰup-do ək tsʰablakʰip kʰip-duŋ,kə̃ it-hop-pi itta nuwabə nin-u-ŋ,go dʌs-bʰag-mi bʰag-ka kitab paɖeta,-,-,-,akka kitabʌ-be-ko dʌs-bʰaga-be: ʈʰiʈʈa bʰaga pʌɖenumɖuhe͂,-,-,-,ka-ŋa dʌs bʰag kitab-be ʈʰili bʰag pʌɖalusae͂,-,-,-,ga dʌs-bʰag-a kitab-mi ʈi-bʰag-a ŋeɖuŋe,-,aŋgaʔ sappʌn-rɛn tʰi-boŋ lʌk-rɛn tʰik lʌk niruŋ,,,,,,,,,,,,,,
,,,,,,,,,,,,,,,,,,,,,,,,,,,,,,,,,,,,,,,,
Multiplicatives (Values),,,,,,,,,,,,,,,,,,,,,,,,,,,,,,,,,,,,,,,,
Once,ɘk-kʰepi,kʌŋ-kʰep,i-ruŋ,tuk-kʰep,waʔ-kʰep,tuk-kʰep,uk-ban,i-lam,uk-tul,ək-rəŋ,i-dəppʰe,ka-le,ko-lam,kwal-kʰepa,e-ma,ʈʰiʈʈa-pʌlʈʌ,ʌk-ɖu,ek-kʰepa,i-kʰeppa,ʈʰili-tsoʈi,-,k-kʰe?,ʈʰik-kʰep,ʈi-kʰep-a,i-giɖa,tʰik-lɛŋ,,,,,,,,,,,,,,
Twice,hwa-kʰepi,niksi-kʰep,haka-ruŋ,sək-kʰep,dui-kʰep,sak-kʰep,dui-ban,nis-lam,nis-tul,əsə-rəŋ,hisa-dəppʰe,niʔsi-kʰep,nə-lam,nis-kʰepa,hi-ma,hitstse-pʌlʈʌ,hik-kʌ-ɖu,hoi-kʰep,hɨk-kʰeppa,hitstsi-tsoʈi,-,ni-kʰe?,ippok-kʰep,si-kʰep-a,si-giɖa,ni-lɛŋ,,,,,,,,,,,,,,
Thrice,sum-kʰepi,sam-kʰep,sim-ruŋ,suk-kʰep,tin-kʰep,suk-kʰep,tin-ban,suk-lam,suk-tul,sum-rəŋ,sumka-dəppʰe,sã-kʰep,su-lam,sum-kʰepa,su-ma,sumtse-pʌlʈʌ,sum-kʰʌ-ɖu,-,sumku-kʰeppa,sumtsi-tsoʈi,-,sum-kʰe?,sumbok-kʰep,sum-kʰep-a,sum-giɖa,sum-lɛŋ,,,,,,,,,,,,,,
Forth time,pʰek-kʰepi,le/ljam-kʰep,lju-ruŋ,buk-kʰep,tsar-kʰep,bʰɛl-kʰep,tsar-ban,lik-lam,lik-tul,tsuk-rəŋ,lə̃ka-dəppʰe,tsar-kʰep,blə-lam,pʰib-kʰepa,na-ma,tsar-pʌlʈʌ,pʰek-kʌ-ɖu,-,lik-kʰeppa,tsar-tsoʈi,-,rium-kʰe?,ʈembok-kʰep,tsar-kʰep-a,tsar-giɖa,li-lɛŋ,,,,,,,,,,,,,,
Nine times,nek-kʰepi,gu-kʰep,nunam-ruŋ,nuk-kʰep,nʌu-kʰep,nʌu-kʰep,nʌu-ban,bʰʌu-lam,bʰʌu-tul,let-rəŋ,ŋəka-dəppʰe,nʌu-kʰep,gu-lam,nu-kʰepa,pa-ma,nʌu-pʌlʈʌ,nek-kʌ-ɖu,-,nok-kʰeppa,nʌu-tsoʈi,-,noktsi-kʰe?,jaŋ-kʰep,nʌu-kʰep-a,nʌu-giɖa,pʰaŋ-lɛŋ,,,,,,,,,,,,,,
Twenty five times,həp-tsʰuk-kʰepi,asim ŋo-kʰep,ha-ŋa-ruŋ,sək-ne-kʰep,pʌcis-kʰep,pʌtstsis-kʰep,pʌtstsis-ban,nis-poŋ-ŋak-lam,nis-ŋak-tul,lup-tsʰik-rəŋ,his-nə̃k-dəppʰe,pʌtstsis-kʰep,nə-dʰjum ŋo-lam,nis-ŋa-kʰepa,muktapi-pats-ma,pʌtstsis-pʌlʈʌ,hik-se-pop-kʌ-ɖu,-,hɨkup ŋak-kʰeppa,pʌtstsis-tsoʈi,-,ni-boŋ-ŋaum-kʰe?,pʌtstsis-kʰep,pʌtstsis-kʰep-a,pʌtstsis-giɖa,ni-boŋ-lɛŋ,,,,,,,,,,,,,,
Fifteen times,pʌ-tsʰuk-kʰepi,kʌdem ŋo-kʰep,i-ŋa-ruŋ,tuk-ne-kʰep,pʌndrʌ-kʰep,pʌndrʌ-kʰep,pʌndrʌ-ban,ik-poŋ-ŋak-lam,pʌu-ŋak-tul,dzʰup-tsʰit-rəŋ,it-nə̃k-dəppʰe,pʌndrʌh-kʰep,ko-dʰjum ŋo-lam,kwal-ŋa-kʰepa,muktapi-sumtsi-ma,pʌndrʌ-pʌlʈʌ,ʌk-se-pop-kʌ-ɖu,-,i-poŋ ŋak-kʰeppa,pʌndrʌ-tsoʈi,-,ik-poŋ-ŋaum-kʰe?,pʌndrʌhʌu-kʰep,pʌndrʌ-kʰep-a,pʌndrʌ-giɖa,tʰi-boːŋ-ŋaŋ-lɛŋ,,,,,,,,,,,,,,
,,,,,,,,,,,,,,,,,,,,,,,,,,,,,,,,,,,,,,,,
Multipliatives (Examples),,,,,,,,,,,,,,,,,,,,,,,,,,,,,,,,,,,,,,,,
I met him once.,ɘŋka kʰo ɘk-kʰepi ʈu-ɘŋ,go/gu-mi am-lai kʌŋ-kʰep gʰrup-tʌŋ,kã i-ruŋ kʰu-lʌi tipu-ŋa,aŋu-a um-lai tuk-kʰep dum-o,uŋ kwaʔ-kʰep aŋ ʈjaʔrma,uŋ ʌm-kolo tuk-kʰep dumutʌ,aŋ-a umu-lai uk-ban dumu-ŋʌ,koŋ-a kʰʌ i-lam tupu,kaŋ-a kʰun-lo uk-tul tsʰimpa tuwa,ŋa-a kʰəkku-oŋ ək-rəŋ tup-oŋ-ku,kə̃ kʰo-lo i-dəppʰe tup-u-ŋ,go mere-nu ka-le grumta,go meram ko-lam ɖar-to-m bai-ra,uŋgu-kʰo aŋgu kwal-kʰepa rwam-be tʰi,ka e-ma uŋ tupsuksuŋa,akka huŋgo ʈʰiʈʈa-pʌlʈʌ ʈubuhe͂,ʌ͂ka-a hugo ʌk-ɖu ʈiɖuŋ,k-ɛ kʰo ek-kʰepa tsubuŋ,k-ɛ u i-kʰeppa tuppuŋ,ka-ŋa ʈaŋba-lai ʈʰili-tsoʈi tsʰiʈʈue͂,-,k-ɛ? kʰo ik-kʰe? tsupʈuŋ,un ʈʰik-kʰep ʈubuŋna,ga kʰun ʈi-kʰep-a ʈubuŋe,ŋʌka un i-giɖa kʰep tsʰiʈʈʰeŋ,kʰunɛʔ tʰik-lɛŋ tumuŋ,,,,,,,,,,,,,,
I met him twice.,ɘŋka kʰo hwa-kʰepi ʈu-ɘŋ,go/gu-mi am-lai niksi-kʰep gʰrup-tʌŋ,kã haka-ruŋ kʰu-lʌi tipu-ŋa,aŋu-a um-lai sək-kʰep dum-o,uŋ dui-kʰep aŋ ʈjaʔrma,uŋ ʌm-kolo sak-kʰep dumutʌ,aŋ-a umu-lai dui-ban dumu-ŋʌ,koŋ-a kʰʌ nis-lam tupu,kaŋ-a kʰun-lo nis-tul tsʰimpa tuwa,ŋa-a kʰəkku-oŋ əsə-rəŋ tup-oŋ-ku,kə̃ kʰo-lo hisa-dəppʰe tup-u-ŋ,go mere-nu niʔsi-kʰep grumta,go meram nə-lam ɖar-to-m bai-ra,uŋgu-kʰo aŋgu nis-kʰepa rwam-be tʰi,ka hi-ma uŋ tupsuksuŋa,akka huŋgo hitstse-pʌlʈʌ ʈubuhe͂,ʌ͂ka-a hugo hik-kʌ-ɖu ʈiɖuŋ,k-ɛ kʰo hoi-kʰepa-sʌ: tsubuŋ,k-ɛ u hɨk-kʰeppa tuppuŋ,ka-ŋa ʈaŋba-lai hitstsi-tsoʈi tsʰiʈʈue͂,-,k-ɛ? kʰo ni-kʰe? tsupʈuŋ,un ippok-kʰep ʈubuŋna,ga kʰun si-kʰep-a ʈubuŋe,ŋʌka un si-giɖa kʰep tsʰiʈʈʰeŋ,kʰunɛʔ ni-lɛŋ tumuŋ,,,,,,,,,,,,,,
I met him thrice.,ɘŋka kʰo sum-kʰepi ʈu-ɘŋ,go/gu-mi am-lai sam-kʰep gʰrup-tʌŋ,kã sim-ruŋ kʰu-lʌi tipu-ŋa,aŋu-a um-lai suk-kʰep dum-o,uŋ tin-kʰep aŋ ʈjaʔrma,uŋ ʌm-kolo suk-kʰep dumutʌ,aŋ-a umu-lai tin-ban dumu-ŋʌ,koŋ-a kʰʌ suk-lam tupu,kaŋ-a kʰun-lo suk-tul tsʰimpa tuwa,ŋa-a kʰəkku-oŋ sum-rəŋ tup-oŋ-ku,kə̃ kʰo-lo sumka-dəppʰe tup-u-ŋ,go mere-nu sã-kʰep grumta,go meram su-lam ɖar-to-m bai-ra,uŋgu-kʰo aŋgu sum-kʰepa rwam-be tʰi,ka su-ma uŋ tupsuksuŋa,akka huŋgo sumtse-pʌlʈʌ ʈubuhe͂,ʌ͂ka-a hugo sum-kʰʌ-ɖu ʈiɖuŋ,-,k-ɛ u sumku-kʰeppa tuppuŋ,ka-ŋa ʈaŋba-lai sumtsi-tsoʈi tsʰiʈʈue͂,-,k-ɛ? kʰo sum-kʰe? tsupʈuŋ,un sumbok-kʰep ʈubuŋna,ga kʰun sum-kʰep-a ʈubuŋe,ŋʌka un sum-giɖa kʰep tsʰiʈʈʰeŋ,kʰunɛʔ sum-lɛŋ tumuŋ,,,,,,,,,,,,,,
I met him forth time.,ɘŋka kʰo pʰek-kʰepi ʈu-ɘŋ,go/gu-mi am-lai le/ljam-kʰep gʰrup-tʌŋ,kã lju-ruŋ kʰu-lʌi tipu-ŋa,aŋu-a um-lai buk-kʰep dum-o,uŋ tsar-kʰep aŋ ʈjaʔrma,uŋ ʌm-kolo bʰɛl-kʰep dumutʌ,aŋ-a umu-lai tsar-ban dumu-ŋʌ,koŋ-a kʰʌ lik-lam tupu,kaŋ-a kʰun-lo lik-tul tsʰimpa tuwa,ŋa-a kʰəkku-oŋ tsuk-rəŋ tup-oŋ-ku,kə̃ kʰo-lo lə̃ka-dəppʰe tup-u-ŋ,go mere-nu tsar-kʰep grumta,go meram blə-lam ɖar-to-m bai-ra,uŋgu-kʰo aŋgu pʰib-kʰepa rwam-be tʰi,ka na-ma uŋ tupsuksuŋa,akka huŋgo tsar-pʌlʈʌ ʈubuhe͂,ʌ͂ka-a hugo pʰek-kʌ-ɖu ʈiɖuŋ,-,k-ɛ u lik-kʰeppa tuppuŋ,ka-ŋa ʈaŋba-lai tsar-tsoʈi tsʰiʈʈue͂,-,k-ɛ? kʰo rium-kʰe? tsupʈuŋ,un ʈembok-kʰep ʈubuŋna,ga kʰun tsar-kʰep-a ʈubuŋe,ŋʌka un tsar-giɖa kʰep tsʰiʈʈʰeŋ,kʰunɛʔ li-lɛŋ tumuŋ,,,,,,,,,,,,,,
I called her nine times.,ɘŋka kʰo nek-kʰepi l-o-ŋ,go/gu-mi am-lai gu-kʰep breli pa-tʌŋ,kã nunam-ruŋ kʰu-lʌi buidu-ŋa,aŋu-a um-lai nuk-kʰep dzet-u,uŋ nʌu-kʰep aŋ tsjampom,uŋ ʌm nʌu-kʰep bʰoɔttʌ,aŋ-a umu-lai nʌu-ban depo-ŋʌ,koŋ-a kʰʌ bʰʌu-lam piko/katsʰʌju,kaŋ-a kʰun-kʌ bʰʌu-tul kʌu,ŋa-a kʰəkku let-rəŋ bud-u-ŋ,kə̃ kʰo-lai ŋəka-dəppʰe katsʰ-u-ŋ,go meko-kʌli nʌu-kʰep blɛtãŋʌ,go meram gu-lam jet-to-m bai-ra,uŋgu-kʰo aŋgu nu-kʰepa tsjamlapau-me tʰi,ka pa-ma uŋ kaʔksuŋa,akka huŋgo nʌu-pʌlʈʌ paʈuhe͂,ʌ͂ka-a hugo nek-kʌ-ɖu pujuŋ,-,k-ɛ u nok-kʰeppa tsʰetuŋ,ka-ŋa ʈaŋba-lai nʌu-tsoʈi lapʰeʈue͂,-,k-ɛ? kʰo noktsi-kʰe? kɛɖuŋ,un jaŋ-kʰep tsʰemɖuŋe,ga kʰun nʌu-kʰep-a japʰekʈuŋe,ŋʌka un nʌu-giɖa kʰep japʰekʈʰeŋ,kʰunɛʔ pʰaŋ-lɛŋ uːttuŋ,,,,,,,,,,,,,,
I called him twenty five times.,ɘŋka kʰo həp-tsʰuk-kʰepi l-o-ŋ,go/gu-mi am-lai asim ŋo-kʰep breli pa-tʌŋ,kã ha-ŋa-ruŋ kʰu-lʌi buidu-ŋa,aŋu-a um-lai sək-ne-kʰep dzet-u,uŋ pʌcis-kʰep aŋ tsjampom,uŋ ʌm pʌtstsis-kʰep bʰoɔttʌ,aŋ-a umu-lai pʌtstsis-ban depo-ŋʌ,koŋ-a kʰʌ nis-poŋ-ŋak-lam piko/katsʰʌju,kaŋ-a kʰun-kʌ nis-ŋak-tul kʌu,ŋa-a kʰəkku lup-tsʰik-rəŋ bud-u-ŋ,kə̃ kʰo-lai his-nə̃k-dəppʰe katsʰ-u-ŋ,go meko-kʌli pʌtstsis-kʰep blɛtãŋʌ,go meram nə-dʰjum ŋo-lam jet-to-m bai-ra,uŋgu-kʰo aŋgu nis-ŋa-kʰepa tsjamlapau-me tʰi,ka muktapi-pats-ma uŋ kaʔksuŋa,akka huŋgo pʌtstsis-pʌlʈʌ paʈuhe͂,ʌ͂ka-a hugo hik-se-pop-kʌ-ɖu pujuŋ,-,k-ɛ u hɨkup ŋak-kʰeppa tsʰetuŋ,ka-ŋa ʈaŋba-lai pʌtstsis-tsoʈi lapʰeʈue͂,-,k-ɛ? kʰo ni-boŋ-ŋaum-kʰe? kɛɖuŋ,un pʌtstsis-kʰep tsʰemɖuŋe,ga kʰun pʌtstsis-kʰep-a japʰekʈuŋe,ŋʌka un pʌtstsis-giɖa kʰep japʰekʈʰeŋ,kʰunɛʔ ni-boŋ-lɛŋ uːttuŋ,,,,,,,,,,,,,,
I called her fifteen times.,ɘŋka kʰo pʌ-tsʰuk-kʰepi l-o-ŋ,go/gu-mi am-lai kʌdem ŋo-kʰep breli pa-tʌŋ,kã i-ŋa-ruŋ kʰu-lʌi buidu-ŋa,aŋu-a um-lai tuk-ne-kʰep dzet-u,uŋ pʌndrʌ-kʰep aŋ tsjampom,uŋ ʌm pʌndrʌ-kʰep bʰoɔttʌ,aŋ-a umu-lai pʌndrʌ-ban depo-ŋʌ,koŋ-a kʰʌ ik-poŋ-ŋak-lam piko/katsʰʌju,kaŋ-a kʰun-kʌ pʌu-ŋak-tul kʌu,ŋa-a kʰəkku dzʰup-tsʰit-rəŋ bud-u-ŋ,kə̃ kʰo-lai it-nə̃k-dəppʰe katsʰ-u-ŋ,go meko-kʌli pʌndrʌh-kʰep blɛtãŋʌ,go meram ko-dʰjum ŋo-lam jet-to-m bai-ra,uŋgu-kʰo aŋgu kwal-ŋa-kʰepa tsjamlapau-me tʰi,ka muktapi-sumtsi-ma uŋ kaʔksuŋa,akka huŋgo pʌndrʌ-pʌlʈʌ paʈuhe͂,ʌ͂ka-a hugo ʌk-se-pop-kʌ-ɖu pujuŋ,-,k-ɛ u i-poŋ ŋak-kʰeppa tsʰetuŋ,ka-ŋa ʈaŋba-lai pʌndrʌ-tsoʈi lapʰeʈue͂,-,k-ɛ? kʰo ik-poŋ-ŋaum-kʰe? kɛɖuŋ,un pʌndrʌhʌu-kʰep tsʰemɖuŋe,ga kʰun pʌndrʌ-kʰep-a japʰekʈuŋe,ŋʌka un pʌndrʌ-giɖa kʰep japʰekʈʰeŋ,kʰunɛʔ tʰi-boːŋ-ŋaŋ-lɛŋ uːttuŋ,,,,,,,,,,,,,,
,,,,,,,,,,,,,,,,,,,,,,,,,,,,,,,,,,,,,,,,
Restrictives (Values),,,,,,,,,,,,,,,,,,,,,,,,,,,,,,,,,,,,,,,,
Only/ One,ɘk-tet on,kʌŋ kʌŋŋa/kʌŋŋo,minuŋ i,tuk-li tuŋa,kolo-ŋʌ,tu-tʌŋ,oko matrʌi,ik-bum ŋaŋ,uk-bou ŋa,ək-ta ŋe/ək-ta mattəi,itta-mattəi,ka-la,ko-le koŋŋa,kwal ŋa,eko-se,ʈʰiʈʈa-le,ʌk-po mʌtte,ekkʌ-ʈe?-nʌ:,ubom-tɛ,ʈʰili-rok,upaŋ-rok,ikko-re?-no?,ʈʰi-eɖok,kolok-enu,i-giɖa eʈlo,lʌttʰik lʌk,,,,,,,,,,,,,,
Only two,hwa-tet on,niksi kʌŋŋa/kʌŋŋo,minuŋ haka,sək-li tuŋa,dui-goʔ-ŋʌ,sak-tʌŋ,dui-oʈa matrʌi,nis-tsi ŋaŋ,nis-bou ŋa,əsə-ra ŋe/əsə-ra mattəi,hisa-mattəi,niʔsi-la,nə-le koŋŋa,nis-gwaɖ ŋa,hitsi-se,hitstse-le,hik-kʌ-po mʌtte,hi:tstsi:-ʈe?-nʌ:,hɨkbom-tɛ,hitstsi-rok,hitstsʰi-rok,nitstsi-re?-no?,ippok-eɖok,sippok-enu,sik-giɖa eʈlo,nɛt-tsʰi rʌk,,,,,,,,,,,,,,
Only three,sum-ka-tet on,sam kʌŋŋa/kʌŋŋo,minuŋ sim,suk-li tuŋa,tin-goʔ-ŋʌ,suk-pu-tʌŋ,tin-oʈa matrʌi,sup-tsi ŋaŋ,tsuk-bou ŋa,sum-ra ŋe/sum-ra mattəi,sumka-mattəi,sã-la,su-le koŋŋa,sum-gwaɖ ŋa,sumtsi-se,sumtse-le,sum-po mʌtte,sumtsi:-ʈe?-nʌ:,sumkubom-tɛ,sumtsi-rok,sumtsi-rok,sumdzi-re?-no?,sumbok-eɖok,sumbok-enu,sum-giɖa eʈlo,sum-si rʌk,,,,,,,,,,,,,,
Only four,pʰek-ka-tet on,le/ljam kʌŋŋa/kʌŋŋo,minuŋ lju,buk-li tuŋa,car-ogʔ-ŋʌ,bʰɛl-pu-tʌŋ,tsar-oʈa matrʌi,lik-tsi ŋaŋ,lik-bou ŋa,tsuk-ra ŋe/tsuk-ra mattəi,lə̃ka-mattəi,tsar-la,blə-le koŋŋa,pʰib-gwaɖ ŋa,na-se,tsar-le,pʰek-po mʌtte,ri:tsi:-ʈe?-nʌ:,likbom-tɛ,tsar-ʈa-rok,tsar-oʈa-rok,rium-re?-no?,ʈembok-eɖok,tsar-eɖa-enu,tsar-giɖa eʈlo,li-si rʌk,,,,,,,,,,,,,,
Only five,tsʰuk-ka-tet on,ŋo kʌŋŋa/kʌŋŋo,minuŋ ŋa,nek-li tuŋa,pãts-goʔ-ŋʌ,bʰom-tʌŋ,pãts-oʈa matrʌi,ŋak-tsi ŋaŋ,ŋak-bou ŋa,tsʰik-ra ŋe/tsʰik-ra mattəi,nə̃ka-mattəi,pãts-oʈa la,ŋo-le koŋŋa,ŋa:-gwaɖ ŋa,muktapi eko-se,pãts-eɖa-le,pop-kʌ-po mʌtte,ŋatsi:-ʈe?-nʌ:,ŋakbom-tɛ,pãts-ʈa-rok,pãts-ʈa-rok,ŋaum-re?-no?,lembok-eɖok,pa͂ts-eɖa-enu,pãts-giɖa eʈlo,ŋa-si rʌk,,,,,,,,,,,,,,
Only ten,pʌu-ka-tet on,kʌdem kʌŋŋa/kʌŋŋo,minuŋ i-nam,tuk-si-li tuŋa,dʌs-goʔ-ŋʌ,tʌdʌm-tʌŋ,dʌs-oʈa matrʌi,ik-poŋ ŋaŋ,pʌu-bou ŋa,dzʰup-ra ŋe/dzʰup-ra mattəi,it-hop-mattəi,dʌs-oʈa la,ko-dʰjum-le koŋŋa,kwal-sjako ŋa,muktapi hitsi-se,dʌs-eɖa-le,ʌk-ko-ɖin-mʌtte,e-pʌŋ-ʈe?-nʌ:,upoŋ-tɛ,dʌs-ʈa-rok,dʌs-ʈa-rok,ik-poŋ-re?-no?,ʈʰik-mek-eɖok,dʌs-eɖa-enu,dʌs-giɖa eʈlo,tʰi-boŋ lʌk,,,,,,,,,,,,,,
,,,,,,,,,,,,,,,,,,,,,,,,,,,,,,,,,,,,,,,,
Restrictives (Examples),,,,,,,,,,,,,,,,,,,,,,,,,,,,,,,,,,,,,,,,
There is only one child,moda ɘk-tsʰa on tsʰa juŋjaŋ,meke kʌŋ kʌŋŋa/kʌŋŋo bjatsa/bebatsa bʌ,tjuda i-po minuŋ tsʰa hiŋe,mambi tuk-li tuŋa tsu:tsu mo-t-a,nono kolo-ŋʌ jʌktsu bam,mɛbi tu-tʌŋ tsɵtsɵ mu,umbi oko matrʌi tsi mʌdi,muŋkpa/mʌpa il-po-ŋaŋ tsʰa tuwe,munpi ul-pʌ ŋa tsʰatstʰa tuda,todo ək-ta  ŋe tsʰa,məpi itta-mattəi jaja tu-i,meke ãl-ka-la baʔta,meʈɖa ko-le koŋŋa tsjotstsjo bu,ilo kwal ŋa beba ɓam,eko-se pitstsʰa jujunna,huŋgoi ʈʰiʈʈa-le tsʰa juŋno,mʌbi ʌk-po mʌtte tsʰa jaŋtsʰʌ,akkʌbi: ekkʌ-ʈe?-nʌ: pisa tsu,ʌkubi ekku-tɛ pitstsʰa tsu,ʌkobe ʈʰili-rok tsʰa juŋga,ʌube upaŋ-rok tsʰa juŋga,mobe? ikko-re?-no? pitstsʰa tuu,jani ʈʰi-eɖok oo juŋgwa,kʰummi kolok-enu pitstsʰa juŋne,ine i-baŋ eʈlo pitstsʰa juŋŋa,kʰɛʔjo lʌtʰik lʌk ʌŋɛkwa waʔ,,,,,,,,,,,,,,
He ate only four mangoes,kʰosa-a pʰek-ka-tet amba-tsi ts-o-tsi,am-mi le kʌŋŋa wabara-ro/dʌ ɓap-ta,kʰu-wa minuŋ-lju lemetsa tsj-o,um-a buk-li tuŋa əmbi dz-i,aŋ-ku tsar-goʔ-ŋʌ ʈoksi dzamme,ʌm-ɛ bʰɛl-tʌŋ ãp-ɦem kʉtɛ,um-a tsar-oʈa ãp matrʌi dza,kʰʌ-sa lik-bʌu ŋaŋ ãp tsa,kʰun-a lik-bou ŋa tsustsʰu-mou tsu-u,kʰəkku-a tsuk-ra-ŋe amba-tsi tsoko-tsi,kʰo-sa lə̃ka-mattəi təkʰu-tsi ts-o,mere tsar-oʈa ãp wapʰtu,gu-ka blə-le koŋŋa ɖoksju pjurj-u,aŋgu-kʰo pʰib-gwaɖ ʈwaksi ŋa ɓo-u-me,uŋ-ŋa tsar-oʈa-se ambibu-tsi tsoksuŋa,huĩsa-ŋa tsar-eɖa-le ãba tsohe͂,hugsa-a pʰek-kʌ-po ʌmbʌ mʌtte tsokʰʌjo,kʰo-sɛ ri:tsi: rɛksi: tsau,use likbom-tɛ reksi tsoju,ʌu-ŋa tsar-ʈa-rok ambibju tsoe͂,ʌu-ŋa tsar-oʈa-rok ambibu tsase,kʰo-sɛ? rium-re?-no? ri:psi-goʈa tsosu,un-ŋa ʈembok-oʈa-eɖok aibo tsoe,kʰun-a tsar-eɖa-enu aba tsoe,un-na tsar-giɖa eʈlo ambiu tsahe,kʰunɛʔ li-si rʌk ambe-haʔ tsʌsi,,,,,,,,,,,,,,
,,,,,,,,,,,,,,,,,,,,,,,,,,,,,,,,,,,,,,,,
Distributives (Values),,,,,,,,,,,,,,,,,,,,,,,,,,,,,,,,,,,,,,,,
One each,dzʰara-da ɘk,hʌppe-ri kʌŋ,dzʰara-da i-ʈo,tukli-lai tuk-li,hʌppe/sʌppʌi-nʌ kwaʔ,kʰɵleŋ-bi tu,dzʌmmʌi-bi oko,i-i-bum/bʌu,kʰʌlʌ-pi uk-bou,ək-ta ək-ta,dzʰara-pi itta,nelʌ-mi ka,ko-ko-le,kwaŋ kwaŋ,eko eko,dzʌmma ʈʰi-ʈʰiʈʈa,ʌk-ʌk-po,tsop-nʌ: ekko ekko,tsʰutti: ekku-ekku,sʌppʌi-be ʈʰili-ʈʰili,-,ikko ikko-goʈa,ʈʰik-ʈʰik-oʈa,kolok kolok,sʌppe-lai i-giɖa i-giɖa,kɛrɛk lʌtʰik lʌtʰik,,,,,,,,,,,,,,
Three each,dzʰara-da sum,hʌppe-ri sam,dzʰara-da sim-ra,tukli-lai sək-li,hʌppe/sʌppʌi-nʌ tin,kʰɵleŋ-bi suk,dzʌmmʌi-bi tin,su-suk-bʌu,kʰʌlʌ-pi nis-bou,sum-ra sum-ra,dzʰara-pi sumka,nelʌ-mi sã,su-su-le,sum sum-gwaɖ,sumtsi sumtsi,dzʌmma hi-hitstse,sum-sum-po,tsop-nʌ: sumtsi: sumtsi:,tsʰutti: hɨkbom-hɨkbom,sʌppʌi-be hitstsi-hitstsi,-,nitstsi nitstsi-goʈa,ippok-ippok-oʈa,sippok sippok,sʌppe-lai si-sik-giɖa,kɛrɛk sum-si sum-si,,,,,,,,,,,,,,
Five each,dzʰara-da tsʰuk,hʌppe-ri ŋo,dzʰara-da ŋa-ra,tukli-lai nek-li,hʌppe/sʌppʌi-nʌ pãts,kʰɵleŋ-bi bʰjoŋ,dzʌmmʌi-bi pãts,ŋa-ŋak-bʌu,kʰʌlʌ-pi ŋak-bou,tsʰik-ra tsʰik-ra,dzʰara-pi nə̃ka,nelʌ-mi pãts,ŋo-ŋo-le,ŋa ŋa-gwaɖ,muktapi eko eko,dzʌmma hi-hitstse,pʰek-pʰek-po,tsop-nʌ: ŋatsi: ŋatsi:,tsʰutti: ŋa-ŋakku,sʌppʌi-be pãts-pãts-oʈa,-,rium rium-goʈa,pãts-pãts-oʈa,pa͂ts pa͂ts,sʌppe-lai su-sum-giɖa,kɛrɛk ŋa-si ŋa-si,,,,,,,,,,,,,,
one-by-one,ɘ-ɘk tet,kʌŋ-kʌŋ/kʌ-kʌŋ,i-ʈo mu-sa i-ʈo,tuk-tuk mu-soka,kwaŋ kwaŋ pasak,tu-tu-bʌ,uk uk,i-bʌu i-bʌu,uk-wou uk-bou mumhʌ,ək-poŋ ək-poŋ,ittaitta,ka-la ka,ko-le atʰam ko-le,kwaŋ kwaŋ pa-sakʰo,eko eko,ʈʰik-paŋ ʈʰik-paŋ,ʌk-ʌk-po tsʌsa waŋniŋe,ekko ekko,i-ip-paŋ,ʈʰi-baŋ ʈʰi-baŋ,-,ikko ikko lɛ:?nuŋ,ʈʰi-baŋ ʈʰi-baŋ,ʈʰi-baŋ ʈʰi-ban,i-baŋ i-baŋ,lʌtʰik lʌtʰik,,,,,,,,,,,,,,
two-by-two,h-hwa tet,niksi-niksi/ni-niksi,haka-ra mu-sa haka-ra,sək-sək mu-soka,dui dui pasak,sak-sak-pu,dui dui,ni-nis-bʌu,nis-wou nis-bou mumhʌ,əsə-poŋ əsə-poŋ,hisahisa,niʔsi-la niʔsi,nə-le atʰam nə-le,nis nis pa-sakʰo,sum-paŋ sum-paŋ,hitstse-baŋ hitstse-baŋ,hik-hik-po tsʌsa waŋniŋe,hi:p-pa hi:p-pa,hi-hip-paŋ,hip-paŋ hip-paŋ,-,nip-paŋ nip-paŋ lɛ:?nuŋ,ip-paŋ ip-paŋ,si-paŋ si-paŋ,si-paŋ si-paŋ,nɛt-tsʰi nɛt-tsʰi,,,,,,,,,,,,,,
,,,,,,,,,,,,,,,,,,,,,,,,,,,,,,,,,,,,,,,,
Approximatives (Values),,,,,,,,,,,,,,,,,,,,,,,,,,,,,,,,,,,,,,,,
Approximately,lʌgbʰʌg,dokʰo-ri (at least),nono,dzʰənnəi,lawalawa,rʌbʌ,lʌgbʰʌg,kʰomokʰomo,leipmanleip,leŋ,dəttadətta,lʌgbʰʌg,dzʰənnəi,kwalo,-,asuk,kʰeʈkʌse,rʌ:,ɖo,-,-,ɖok,-,kʌribkʌrib,lʌgbʰʌg,kʰʌpmɛn,,,,,,,,,,,,,,
,,,,,,,,,,,,,,,,,,,,,,,,,,,,,,,,,,,,,,,,
Approximatives (Examples),,,,,,,,,,,,,,,,,,,,,,,,,,,,,,,,,,,,,,,,
Approximately 20 kilos of rice are in the sack.,lʌgbʰʌg bora-da hʌpʌu kilo tsaiŋ jaja,salama-ri/di dokʰo-ri/di asim kedzi seri bʌ,jokʰo-da ha-nam kedzi nono tsaruŋ hiŋe,dzʰənnəi bis kilo suru pʰadzi-bi go-t-a,lawalawa bis kilo seri/sera ɖʰwakkro-nʌ bam,rʌbʌ bis kilo ser bora-bi gɵ,lʌgbʰʌg bis kedzi siru bora-bi godi,pʰaksu-pi kʰomokʰomo nis-poŋ kedzi ser tuwe,leipmanleip hobo-pi nis-pʌu kilo sir tuda,lup kəhok leŋ tsarəŋ hikʰa-do jok-jaŋ,dəttadətta his-hop kedzi sira hugʰu-pi tui,lʌgbʰʌg bis kilo kʰoi seri bora-mi baʔta,pʰadzi-ra dzʰənnəi nə-dʰjum kilo-koti sor bu,glube-lo kwalo nis-sjako kilo sera ɓam,-,bora-be: bis kilo-asuk tsini juŋno,bora-bi hik-se-ɖin kilo kʰeʈkʌse lemtsʰowa jaŋtsʰʌ,bora-bi: hi:-pʌŋ kilo-rʌ: limtsɛ?wa tsu,jakkʰa-bi hɨkup kilo ɖo liptsewa tsu,-,-,bora-be? ni-boŋ kilo-ɖok tsini ʈuu,-,bora-mi kʌribkʌrib bis kilo dzʌti tsini juŋne,bora-e lʌgbʰʌg bis kilo tsini juŋŋa,kʰʌpmɛn ni-boŋ kilo sohiːk suːkwa-o jak,,,,,,,,,,,,,,
Approximately 50% of students are attending the workshop.,lʌgbʰʌg tsʰupʌu prʌtisʌta tajami-tsi wʌrksʌp-da maʈajuŋ,dokʰo-ri/di ŋokna/ŋʌkna prʌtisʌt tsjaisiabjatsa-ro/dʌ wʌrksʌp-ri/di ramtame,kʰarumopa-da pʌtsas prʌtisat nono tsʌilipa-tsi nibana,dzʰənnəi pətsas prətisət tsentsu-mu wərksəp-bi ham-hot-a,lawalawa pʌtsas prʌtisʌt bidʰjartʰi-titsu sikʌilapʰu-nʌ blamme,rʌbʌ pʌtsas prʌtisʌt bidʰjartʰi-ɦem wʌrksʌp-bi ɦotnu,lʌgbʰʌg pʌtsas prʌtisʌt bidʰjartʰi-tsʌ wrkʌsʌp-bi modi,kʰomokʰomo pʌtsas prʌtisʌt tokʰʌm-pi sesmotsʰas toukʰʌm,leipmanleip kʰarup-pi ŋak-pʌu prʌtisʌt tsentsip-mou tudami,tsʰik-kəɖʰaŋ leŋ toŋjakəlop-tsi katsi-pen-do mhi,dəttadətta nə̃k-hop tselokabi-tsi tsəlawa-pi t-ə-mi,lʌgbʰʌg pʌtsas prʌtisʌt kʰoi bidʰjartʰi-puki ge-mi dzama baʔta,-,im kʰasi-lo ŋa-sjako prʌtisʌt tsedzijoti ɓame,-,bora-be: pʌndʰrʌ kilo-asuk tsamatsa juŋno,bora-bi ʌk-se-pop kilo kʰeʈkʌse tsamtsa jaŋtsʰʌ,bora-bi: e-pʌŋ-ŋa kilo-rʌ: tsam tsu,jakkʰa-bi i-poŋ ŋakbom kilo ɖo sija tsu,-,-,bora-be? ik-poŋ ŋaum kilo-ɖok sja ʈuu,-,bora-mi kʌribkʌrib pʌndrʌ kilo dzʌti tsasak juŋne,bora-e lʌgbʰʌg pʌndrʌ kilo tsʌsʌk juŋŋa,kʰʌpmɛn tʰik-ŋa kilo sjaʔ suːkwa-o jak,,,,,,,,,,,,,,
Approximately  fifteen kilos of rice are in the sack.,lʌgbʰʌgbora-da pʌutsʰuk kilo tsaiŋ jaja,salama-ri/di dokʰo-ri/di kʌdem ŋo kedzi seri bʌ,jokʰo-da i-ŋa kedzi nono tsaruŋ hiŋe,dzʰənnəi pəndrəh kilo suru pʰadzi-bi go-t-a,lawalawa pʌndrʌh kilo seri/sera ɖʰwakkro-nʌ bam,rʌbʌ pʌndrʌ kilo ser bora-bi gɵ,lʌgbʰʌg pʌndrʌ kilo siru bora-bi godi,pʰaksu-pi kʰomokʰomo one-poŋ-ŋak kedzi ser tuwe,leipmanleip hobo-pi pʌu-ŋak kilo sir tuda,dzʰup-tsʰit kəhok leŋ tsarəŋ hikʰa-do jok-jaŋ,dəttadətta it-nə̃k kilo sira hugʰu-pi tui,lʌgbʰʌg pʌndrʌh kilo kʰoi seri bora-mi baʔta,pʰadzi-ra dzʰənnəi ko-dʰjum ŋo kilo-koti sor bu,glube-lo kwal-ŋa kilo sera ɓam,-,-,-,hʌ-sʌ: hi:p-pa sum-pa ja?mi-tsi tso?mɛ,ɖe ɖe ɖo mina tsu-mi,-,-,hago-so ik-ko nip-paŋ ʈusimmi,-,kʌribkʌrib dui tihai sʌdʌsja-tsʰi baki juŋne,-,kʰʌpmɛn sum-lʌk-rɛn nɛt padaŋ-haʔ mɛjaːktɛaŋ mɛwaʔ,,,,,,,,,,,,,,
Approximately 2/3rd members are left.,lʌgbʰʌg dzʰara-da hwa sumkʌpʌŋ salumsum-tsi mʌhena,dokʰo-ri/di sam pʰala-ri/di niksi pʰala sʌdʌsjʌ-ro/dʌ plʌntame,dui tihai nono mina-tsi mi-hiŋelʌtʌ,dzʰənnəi dui tihai sədəsje ham-lonkʰəis-i,-,rʌbʌ dui tihai sʌdʌsja-ɦem baki munʌ,lʌgbʰʌg dui tihai sʌdʌsja-tsʌ baki modi,nip-po sup-po tuwe,leipmanleip nip-pʌ sup-pʌ sʌdʌsja-mou japtsʰu tudami,əsə-poŋ su-poŋ leŋ məletleŋ,dəttadətta hisa-lapa sumka-lapa səndəp-tsi tui-mi,lʌgbʰʌg dui tihai mur-puki lima baʔta,-,sum bʰag-lo nis bʰag mujo-titso ɓam,-,kamanumkʰaʈʰaŋ-be: pʌtsas pʌrtisʌt asuk pa-tse bʰaga ukʰaʈaŋse,adʰa kʰeʈkʌse tsintsingʌba-tse karjasala-bi mʌ-ʈantsʰʌ,talim-bi: ŋa-pʌŋ-rʌ: pʌɖalikʰuba-tsi ɖabani,mutʰap-pi ɨpʰɛ? be?no ɖo pitstsʰa tsu-mi,-,-,karijasala-be? adʰa tsiŋkʰuwa-dzi ʈummi,-,kʌktsʰa koʈʰa-mi pʌtsas-dzʌna dzʌti-a bʰaga kʰaʈuŋse,karjasala-e pʌtsas pʌrtisʌt bidʰjartʰi-tsʰi-ŋa bʰag-lise,kʰʌpmɛn ŋa-boŋ kakwa niːttsʰamsa-haʔ jaŋgumunɛto lʌkmɛlorɛaŋ mɛwaʔ,,,,,,,,,,,,,,
This institute contains approximately 1000 students.,lʌgbʰʌg o-insʈiʈjuʈ-da dzʰara ɘk-bʰuŋ kapʌŋ tajami-tsi mʌjuŋjʌŋ,ʌjam institsjuʈ-ri/di dokʰo-ri/di kidʌmdʌm tsjaisiabjatsa-ro/dʌ bʌ-me,oko kʰambatim-da i-sim-nam nono tsʌilipa-tsi mi-hiŋe,tam insʈiʈjuʈ-bi dzʰənnəi ek-hədzar tsentsu-mu ham-mot-a,lawalawa ai insʈiʈjuʈ-nʌ kwaʔ hʌdzar nase bidʰjartʰi-titsu bamme,rʌbʌ insʈiʈjuʈ-bi tu-hʌdzar bidʰjartʰi-ɦem wainɛ,lʌgbʰʌg  idʌ sʌ̃stʰan-bi uk-hʌdzar-dzʌna bidʰjartʰi-tsʌ sʌmaos modi,ŋkʌ insʈiʈjuʈ-pi ik-hʌdzar sesmotsʰas tuwe,un tseikʰimpi uk-hʌdzar-pʌ tsentsip-mou tudami,əkku toŋjakʰim-do ək-bʰoŋ toŋjakəlop-tsi mə-joŋja,dəttadətta it-ho-toŋ tselokabi-tsi tui-mi,jʌko insʈiʈjuʈ-mi lʌgbʰʌg hʌdzar-dzʌna bidʰjartʰi sʌmawes baʔta,oram sisikʰom-ra dzʰənnəi ko-su-dʰjum-koti sisikpatsjo bu-mi,am ʈam-lo kwal-hʌdzar-kwalo tsedzijoti ɓame,-,bago sʌnstʰa-be: ek-hʌdzar pa-tse u-juŋno,igʌ sʌ͂stʰa-bi ʌk-hʌdzar kʰeʈkʌse tsintsingʌwa-tse mʌ-jaŋtsʰʌ,gʌ paɖaliʈʰam ʈʰalʌ-bi: e-bʌŋ-rʌ: paɖalikʰuba ja?mi-tsi tsu:k-mi,kubi i-poŋ pʰɛ? ɖo pitstsʰa tsu-mi,-,-,igo sʌnstʰa-be? ik hʌdzar tsiŋkʰuwa-dzi ʈumme,-,naŋ sʌnstʰa-mi ek hʌdzar dzʌti iskule-tsʰi juŋne,na sʌnstʰaja-e ek hʌdzar-dzʌna bidʰjartʰi-tsʰi juŋŋa,kʌn nisamhim-o kʰʌpmɛn hɛntsʰiŋtʰik niːttsʰamsa-haʔ mɛwaʔ,,,,,,,,,,,,,,
Approximately 35 kilos of rice are in the sack.,lʌgbʰʌg bora-da sup tsʰuk kilo tsaiŋ jakjʌŋ,salama-ri/di dokʰo-ri/di sakna ŋo kedzi seri bʌ,jokʰo-da sim-ŋa kedzi nono tsaruŋ hiŋe,dzʰənnəi pəitis kilo suru pʰadzi-bi go-t-a,lawalawa pʌitis kilo seri/sera ɖʰwakkro-nʌ bam,rʌbʌ pʌitis kilo ser bora-bi gɵ,lʌgbʰʌg pʌitis kedzi siru bora-bi godi,pʰaksu-pi kʰomokʰomo suk-poŋ-ŋak kedzi ser tuwe,leipmanleip hobo-pi suk-pʌu-ŋak kilo sir tuda,sup-tsʰik kilo leŋ tsarəŋ hikʰa-do jok-jaŋ,dəttadətta sum-nə̃k kilo sira hugʰu-pi tui,lʌgbʰʌg pʌitis kilo kʰoi seri bora-mi baʔta,pʰadzi-ra dzʰənnəi su-dʰjum ŋo kilo-koti sor bu,glube-lo kwalo sum-ŋa kilo sera ɓam,-,pʌitis kilo-asuk aba͂ issaɖe,sum-se-pop kilo kʰeʈkʌse ʌmbʌ kikʰaɖa,su-pʌŋ-ŋa kilo-rʌ: rɛksi: kimkʰɛɖa,hɨkup i-poŋ ŋakbom ɖo reksi kipkʰʌra,-,-,sum-boŋ ŋaum kilo-ɖok ri:psi kimgʰʌɖa,-,kʌribkʌrib pʌitis kilo dzʌti aba rokʈe,lʌgbʰʌg pʌitis kilo ambiu rokʈʰe,kʰʌpmɛn sum-boŋ-ŋa-si kilo ambe mɛgire,,,,,,,,,,,,,,
,,,,,,,,,,,,,,,,,,,,,,,,,,,,,,,,,,,,,,,,
Aggregatives (Values),,,,,,,,,,,,,,,,,,,,,,,,,,,,,,,,,,,,,,,,
Group/together,bʰuŋ,grup,kʰamtim,səmuhə,hul,grup,grup,-,umto,dzʰum,dəbʰəi,sʌmuhʌ,grup,-,grup,sʌmuhʌ,kʰomsʌtsinki,-,kʰommawa,-,-,-,huɖɖa,sʌmuhʌ,sʌmuhʌ,pʌrup,,,,,,,,,,,,,,
,,,,,,,,,,,,,,,,,,,,,,,,,,,,,,,,,,,,,,,,
Aggregatives (Examples),,,,,,,,,,,,,,,,,,,,,,,,,,,,,,,,,,,,,,,,
A group of two girls played.,hwa-paŋ metstsʰatsʰa-tsi-o bʰuŋ meʈɖ-a-tsi,niksi mintsa-ro/dʌ-ke kʌŋ grup tsams-ta,haka-po tsʰʌikuma-mo i-ʈo kʰamtim miseb-tsi,sək-li misma-po səmuhə ham-tsjams-i,meʈʈep-nipʰpʰa-ŋa kwaʔ hul-ku tsampaitsip,sak-pu melsem-po tu-bʌ grup tsemsjiti,dui-dzʌna mintsuma-nusi grup tsemtsasi,-,nip-pʌ tsʰekutsʰa-mi uk-bou umto tsjamsa,əsə-poŋ martsʰa-tsi-bo dzʰum pəmet-datsi,hisa-lapa mimatsʰa-mi itta dəbʰəi-wa wal-a-tsi,niʔsi miisal-ke sʌmuhʌ gjartas,nə-le mesem-kam ko-le grup tsams-i-tstsi,-,hi-paŋ mamu-tsi-ka grup-ŋa itsa-ja,hitsi-baŋ ma-tse-be: ʈʰiʈʈa sʌmuhʌ-ŋa u-kʰoŋse͂,hik-po metstsʰama tsʰa-tse kʰomsʌtsinki pʰinɖtse,-,hip-paŋ mimtsʰa-tsi-mi ekku kʰommawa-ɛ wabami,-,-,-,metstsʰa pitstsʰa-tsiga huɖɖa upaŋgwae,sip-paŋ mijatsʰa-tsʰi kolok sʌmuhʌ-mi kʰoŋsa-tsʰe,sip-paŋ mjatsʰa-tsʰi i-giɖa sʌmuhʌ-ŋa ŋʌkʰoŋse,nɛt-tsʰi mɛntsʰumaʔ-sa-rɛn pʌrup tʰik-lɛ tsattu,,,,,,,,,,,,,,
A group of five girls played.,tsʰukka-paŋ metstsʰatsʰa-tsi-o bʰuŋ-a mʌ-meʈʈ-a,ŋo mintsa-ro/dʌ-ke kʌŋ grup tsams-ta,ŋa-po tsʰʌikuma-mo i-ʈo kʰamtim miseb-da,nek-li misma-po səmuhə ham-tsjams-i,pãts-dzʌna meʈʈep-titsu-ŋa kwaʔ hul-ku tsampamme,bʰjoŋ-pu melsem-po tu-bʌ grup tsemtjannu,pãts-dzʌna mintsuma-tsʰʌ grup tsemnani,-,ŋak-pʌ tsʰekutsʰa-mi uk-bou umto tsjamsa,tsʰik-poŋ martsʰa-tsi-bo dzʰum pəmet-datsi,nə̃ka-lapa mimatsʰa-mi itta dəbʰəi-wa wal-a-mi,pãts-dzʌna misal-ke sʌmuhʌ gjartas,ŋo-le mesem-kam ko-le grup tsams-i-mɖi,-,pʰa-paŋ mamu-tsi-ka grup-ŋa itsa-ja,pãts-dzʌna ma-tse-be: ʈʰiʈʈa sʌmuhʌ-ŋa u-kʰoŋse͂,pop-ko-po metstsʰama tsʰa-tse mʌ-kʰomsantsinki mʌ-pʰinɖa,-,ŋak-bom mimtsʰa-tsi-mi ekku kʰommawa-ɛ wabami,-,-,-,-,pa͂ts-dzʌna mijatsʰa-tsʰi kolok sʌmuhʌ-mi niŋ-kʰoŋse,pãts-dzʌna mjatsʰa-tsʰi i-giɖa sʌmuhʌ-ŋa ŋʌkʰoŋse,ŋa-si mɛntsʰumaʔ-sa-rɛn pʌrup tʰik-lɛ tsattu,,,,,,,,,,,,,,
A group of four girls played.,pʰekkʌ-paŋ metstsʰatsʰa-tsi-o bʰuŋ-a mʌ-meʈʈ-a,ljam/le mintsa-ro/dʌ-ke kʌŋ grup tsams-ta,lju-po tsʰʌikuma-mo i-ʈo kʰamtim miseb-da,buk-li misma-po səmuhə ham-tsjams-i,tsar-dzʌna meʈʈep-titsu-ŋa kwaʔ hul-ku tsampamme,bʰɛl-pu melsem-po tu-bʌ grup tsemtjannu,tsar-dzʌna mintsuma-tsʰʌ grup tsemnani,-,lik-pʌ tsʰekutsʰa-mi uk-bou umto tsjamsa,tsuk-poŋ martsʰa-tsi-bo  dzʰum pəmet-datsi,lə̃ka-lapa mimatsʰa-mi itta dəbʰəi-wa wal-a-mi,tsar-dzʌna misal-ke sʌmuhʌ gjartas,blə-le mesem-kam ko-le grup tsams-i-mɖi,-,na-paŋ mamu-tsi-ka grup-ŋa itsa-ja,tsar-dzʌna ma-tse-be: ʈʰiʈʈa sʌmuhʌ-ŋa u-kʰoŋse͂,pʰek-kʌ-po metstsʰama tsʰa-tse mʌ-kʰomsantsinki mʌ-pʰinɖa,-,lik-bom mimtsʰa-tsi-mi ekku kʰommawa-ɛ wabami,-,-,-,-,tsar-dzʌna mijatsʰa-tsʰi kolok sʌmuhʌ-mi niŋ-kʰoŋse,tsar-dzʌna mjatsʰa-tsʰi i-giɖa sʌmuhʌ-ŋa ŋʌkʰoŋse,li-si mɛntsʰumaʔ-sa-rɛn pʌrup tʰik-lɛ tsattu,,,,,,,,,,,,,,
A group of twelve boys reached.,pʌ-hwa duwatsʰa-tsi-o bʰuŋ meʈal-a,kʌdem niksi waisa-ro/dʌ-ke grup let-ta,i-ha-po soro-mo kʰamtim mitsʰu-da,tuk-sək-li ləsba-po səmuhə ham-hupats-i,barʌh-dzʌna waʈʈep-titsu-ŋa hul blamɖimme,barʌh-dzʌna ljaspja-po tu-bʌ grup ɦopjastjanu,barhʌ-dzʌna lantsuba-tsʰʌ hʌbʌtsani,-,pʌu-nip-pʌ watstsʰa-mi umto leiju,dzʰup-əsə-poŋ tʰoroŋtsʰa-tsi-bo dzʰum məta-a,it-his-lapa watstsʰa-tsi-mi dəbʰəi tal-a-mi,barʌh-dzʌna wãĩsal-ke sʌmuhʌ dzʌdimma baʔta,ko-dʰjum nə wossjo-kam ko-le grup romtʰ-i-mɖi,-,e-hi-paŋ babu-tsi tas-u-na,barhʌ-dzʌna pa-tse-ko ʈʰiʈʈa sʌmuhʌ ʈase͂,ʌk-se-hik mertsʰa tsʰa-tse mʌ-kʰomsantsinki mʌ-ʈalaa,-,u-poŋ hɨkbom waʈʰaktsʰa-tsi-mi ekku kʰommawa letta,-,-,-,jembetsʰa-tsiga huɖɖa oʈasoe,barʌh-dzʌna jambitsʰa-tsʰi-aka kolok sʌmuhʌ niŋ-ʈase,barhʌ-dzʌna jembitsʰa-tsʰi i-giɖa sʌmuhʌ-ŋa ŋʌtase,tʰik-boŋaŋ-nɛt jɛmbitsʰaʔ-sa-rɛn pʌrup tʰik kɛrɛ,,,,,,,,,,,,,,
A group of twenty five boys reached.,hʌp-tsʰuk duwatsʰa-tsi-o bʰuŋ meʈala,asim ŋo  waisa-ro/dʌ-ke grup let-ta,ha-ŋa-po soro-mo kʰamtim mitsʰu-da,sək-ne-li ləsba-po səmuhə ham-hupats-i,pʌtstsis-dzʌna waʈʈep-titsu-ŋa hul blamɖimme,pʌtstsis-dzʌna ljaspja-po tu-bʌ grup ɦopjastjanu,pʌtstsis-dzʌna lantsuba-tsʰʌ hʌbʌtsani,-,nis-ŋap-pʌ watstsʰa-mi umto leiju,lup-tsʰit-poŋ tʰoroŋtsʰa-tsi-bo dzʰum məta-a,his-nə̃k-lapa watstsʰa-tsi-mi dəbʰəi tal-a-mi,pʌtstsis-dzʌna wãĩsal-ke sʌmuhʌ dzʌdimma baʔta,nə-dʰjum ŋo wossjo-kam ko-le grup romtʰ-i-mɖi,-,hi-pʰa-paŋ babu-tsi tas-u-na,pʌtstsis-dzʌna pa-tse-ko ʈʰiʈʈa sʌmuhʌ ʈase͂,hik-se-pop mertsʰa tsʰa-tse mʌ-kʰomsantsinki mʌ-ʈalaa,-,hɨkup ŋakbom waʈʰaktsʰa-tsi-mi ekku kʰommawa letta,-,-,-,-,pʌtstsis-dzʌna jambitsʰa-tsʰi-aka kolok sʌmuhʌ niŋ-ʈase,pʌtstsis-dzʌna jembitsʰa-tsʰi i-giɖa sʌmuhʌ-ŋa ŋʌtase,nɛt-boŋ-ŋa jɛmbittsʰaʔ-sa-rɛn pʌrup tʰik kɛrɛ,,,,,,,,,,,,,,
A group of twenty boys reached.,hʌpʌu duwatsʰa-tsi-o bʰuŋ meʈala,asim waisa-ro/dʌ-ke grup let-ta,ha-nam-po soro-mo kʰamtim mitsʰu-da,sək-si-li ləsba-po səmuhə ham-hupats-i,bis-dzʌna waʈʈep-titsu-ŋa hul blamɖimme,bis-dzʌna ljaspja-po tu-bʌ grup ɦopjastjanu,bis-dzʌna lantsuba-tsʰʌ hʌbʌtsani,-,nis-pʌu-pʌ watstsʰa-mi umto leiju,lup-poŋ tʰoroŋtsʰa-tsi-bo dzʰum məta-a,his-hop-lapa watstsʰa-tsi-mi dəbʰəi tal-a-mi,bis-dzʌna wãĩsal-ke sʌmuhʌ dzʌdimma baʔta,nə-dʰjum wossjo-kam ko-le grup romtʰ-i-mɖi,-,hi-kʰeŋ-paŋ babu-tsi tas-u-na,bis-dzʌna pa-tse-ko ʈʰiʈʈa sʌmuhʌ ʈase͂,hik-se-ɖin mertsʰa tsʰa-tse mʌ-kʰomsantsinki mʌ-ʈalaa,-,hɨkup waʈʰaktsʰa-tsi-mi ekku kʰommawa letta,-,-,-,-,bis-dzʌna jambitsʰa-tsʰi-aka kolok sʌmuhʌ niŋ-ʈase,bis-dzʌna jembitsʰa-tsʰi i-giɖa sʌmuhʌ-ŋa ŋʌtase,ni-boŋ jɛmbittsʰaʔ-sa-rɛn pʌrup tʰik kɛrɛ,,,,,,,,,,,,,,
,,,,,,,,,,,,,,,,,,,,,,,,,,,,,,,,,,,,,,,,
Collectives (Values),,,,,,,,,,,,,,,,,,,,,,,,,,,,,,,,,,,,,,,,
Pair,kʰom,broluŋ,tilu,dzoɖa,dzor,dzor,dzor,dzor,nis (two),əsə (two),kʰəpduŋ,dzor,nitsi,dzor,dzor,hitstse (two),dzoɖa,hi:tstsi: (two),hɨ (two),-,dzoɖa,dzor,ippok (two),dzoɖi,dzoɖ,kapla,,,,,,,,,,,,,,
Dozen,baɖɖʰe kʰepi (many times),kʌdem niksi-kʰep (ten-two times),kebʰa-ruŋ (many times),dərdzən,tʰupro kʰep (many times),gʰoɔlɛ kʰep (many times),dʰerʌikʌ-tsoʈi (many times),detto (many),dʌu dʌu (time-time),dzʰup-əsə kərəŋ (ten-two times),sappʰi dəppʰe (many times),iskʌka-kʰep (many times),hapa halam (many times),baɖe-kʰep (many times),pjak (many),baɖʰɖʰe pʌlʈʌ (many times),bʌɖʰɖʰe kʰep (many times),ɖirik-kʰepa (many times),le?no kʰeppa (many times),bʌɖero-tsoʈi (many times),dʌrdzʌnʌu,be?lo-kʰe? (many times),japma-kʰep (many times),dʰerʌi-pʌʈʌk (many times),akkasʌ-tsoʈi (many times),jʌrik-lɛŋ (many times),,,,,,,,,,,,,,
Half a dozen,tuk-ka (six-classifier),rukwa (six),pitsʰa (some),adʰa dərdzən,tsʰʌ-goʔ (six-classifier),adʰi dʌrdzan,adʰi dʌrdzan,tuk (six),tuk (six),tsʰek (six),bəkʰələ boduŋ,adʰa dʌrdzʌn,ru (six),adʰa dʌrdzʌn,ja (six),adʰi dʌrdzʌn,seʈ (six),ʈʰuktsi: (six),mitsʰu (few),tsʰʌ-oʈa (six-classifier),adʰa dʌrdzʌn,tsuktsi-goʈa (six-classifier),ŋa-oʈa (six-classifier),tsʰo-eɖ (six-classifier),tsʰʌ-giɖa (six-classifier),kubʰrɛŋ dʌrdjʌn,,,,,,,,,,,,,,
,,,,,,,,,,,,,,,,,,,,,,,,,,,,,,,,,,,,,,,,
Collectives (Examples),,,,,,,,,,,,,,,,,,,,,,,,,,,,,,,,,,,,,,,,
Two pair of socks,hwa kʰom modza-tsi,modza-ke niksi broluŋ,haka-ra tilu temma,sək dzoɖa dzurap,dui dzor mwatsa,sak dzor modza,dui dzor modza-tsi,nitstsi dzor modza,nis-bou lʌbkʰamsko,tsuk-ra loŋbopma-tsi,hisa kʰəpduŋ lə̃sup-tsi,niʔsi dzor modza,nək nitsi modza,nis dzor modza,hitsi dzor modza-tsi,hitstse dzurap-tse,hik-po dzoɖa lʌŋ-sup,hi:tstsi: modza,hɨ hɨ-bɨ laktɛ,-,dui dzoɖa modza-si,nitstsi dzor modza,ippok modza,sit dzoɖi modza,sik dzoɖ modza-tsʰi,kapla nɛt-tsʰi laŋgʰapʰaʔ,,,,,,,,,,,,,,
Pair of socks are lying here,ɘk kʰom modza-tsi oda mʌjuŋjaŋ,eke-ri/di broluŋ modza bʰluawara bʌ,haka-ra temma tilu heŋ-e,dzurap-po dzoɖa tambi go-t-a,mwatsa-ti alu tswamamtso bam,sak dzor modza-su tɛbi gɵji,dui dzor modza ibi go,ik-dzor modza ʌpi,unpi uk-bou lʌbkʰamsko tuda,odo əsə-ra loŋbopma-tsi mədʰiŋen,lə̃sup-tsi nəpi tui,niʔsi modza dzor-ka eke baʔtʌ,hagora nitsi modza-mim bu-mi,kwal dzor modza giltʰeti ɓam,modza-tsi nabe ŋoja,bai ʈʰiʈʈa dzoɖa dzurap juŋno,ibi dzoɖa lʌŋ-sup mʌ-jaŋtsʰʌ,gubi: hi:tstsi: modza tso,kubi laktɛ hɨk-bɨ tsu,-,nabe ek dzoɖa modza juŋga,igobe? modza-mi ik dzor ʈuu,nehi modza-tsi juŋgwa,nami ʈʰi dzoɖi modza juŋne,nehe modza-u dzoɖi juŋŋa,kapla tʰik laŋgʰapʰaʔ nɛsi,,,,,,,,,,,,,,
I went there dozen of times.,ɘŋka moda baɖɖʰe kʰepi kʰaraŋjuŋsaŋ,go/gu meke kʌdem niksi-kʰep la-tʌŋ,kebʰa-ruŋ pusu-ŋa,aŋu mambi dərdzən kʰep kʰuts-o,uŋ tʰupro kʰep nono lwaŋma,uŋ mɛbi gʰoɔlɛ kʰep muŋtʌ,aŋ umi dʰerʌikʌ-tsoʈi kʰatsu,detto kʰato kʰato,kaŋ um dʌu dʌu kʰʌtʌtsʌ,ŋa todo dzʰup-əsə kərəŋ puks-oŋ,kə̃ sappʰi dəppʰe məpi kʰat-ə̃,go iskʌka-kʰep meke lʌsonʌm,go megora hapa halam laŋ-ɖo,uŋ il baɖe-kʰep lwame ɓam,ka pjak kʰjamaŋna,akka baɖʰɖʰe pʌlʈʌ huŋge kʰaɖehe͂,ʌ͂ka mʌbi bʌɖʰɖʰe kʰep kʰaɖaŋ,kaŋa akkʌbi: ɖirik-kʰepa kʰarɛŋ,ka le?no kʰeppa ʌkobi kʰʌruŋ,ka ʌkobe bʌɖero-tsoʈi kʰaraŋe,kaŋa dʌrdzʌnʌu tsoʈi ʌube kʰaraŋe,ka mobe? be?lo-kʰe? kʰaɖiŋ,aŋa hiʈni japma-kʰep kʰaɖaŋe,ga kʰummi dʰerʌi-pʌʈʌk kʰaraŋe,ŋʌka akkasʌ-tsoʈi ine kʰareŋa,kʰɛʔjo jʌrik-lɛŋ pegaŋ,,,,,,,,,,,,,,
I bought half a dozen eggs.,ɘŋka tuk-ka-tet waɖʰin-tsi kʰiruŋ-tsɘŋ,go/gu-mi rukwa ɓaɖi-ro/dʌ dzʰap-tʌŋ,pitsʰa waɖima-tsi hudu-ŋa,aŋu-a adʰa dərdzən pʰati kid-u,uŋ tsʰʌ-goʔ majaŋga dzaʔma,uŋ-ɛ adʰi dʌrdzan pʰopoti-ɦem iŋutʌnu,aŋ-a adʰi dʌrdzan pidʰiŋ kiʔŋa,koŋ-a tuk-tsi wadi kʰetu,kaŋ-a tuk-bou wadi kʰit-u,ŋa-a tsʰek-ra wadin-tsi hud-uŋ-tsəŋ,kə̃ bəkʰələ boduŋ dʰi:-tsi kʰit-u-ŋ,go adʰa dʌrdzʌn bapʰu gjapta,go ru-le poɖi bʰreu-to,uŋgukʰo adʰa dʌrdzʌn ɓaɓʌŋge dzabbe,ka ja wain-tsi inuk-suŋ-tsina,akka adʰi dʌrdzʌn waʈʰin kʰeɖehe͂,ʌ͂ka-a seʈ-kʌ-po waʈin kʰiɖuŋ,kaŋ-ɛ ʈʰuktsi:-wʌʈa wɛɖɖi:n ino,k-ɛ mitsʰu le?no wadin kʰeduŋ,ka-ŋa tsʰʌ-oʈa waʈʰinʌ kʰiruŋe,kaŋa adʰa dʌrdzʌn waima kʰittuŋe,k-ɛ? tsuktsi-goʈa waiŋ inuŋ,aŋa ŋa-oʈa waɖʰin inuŋe,ga tsʰo-eɖa waʈʰin iluŋe,ŋʌka tsʰʌ-giɖa wain ineŋ,kubʰrɛŋ dʌrdjʌn wʌdʰin-haʔ iŋuŋsiŋ,,,,,,,,,,,,,,
